"","Filt.Rnd","Filt.mbr.pore","Filt.Type","Biol.Rpl.nr","unkFilt.nr","Filtreret.volume..mL.","dato.for.filtrering","Tidspnkt.start.filt","Tidspnkt.slut.filt","Tidspnkt.Filt.indfrosset","Cartridge.nummer.I.manifold","Manifold.og.pumpe.nummer","Notat","ESXNR","subESXNr","ekstraktionsudbytte_vol_fra_filter_mL","ekstraktionsdato","konc_ng_per_uL","Note_til_ekstraktion","vol_ATL_buffer_uL","vol_proteinaseK_uL","vol_AL_buffer_uL","vol_96EtOH_uL","vol_AE_buffer_for_elutering_uL","fltvol.mL","flttim.end","flttim.sta","dt.f.filt","flttim.sta_hh","flttim.sta_mm","flttim.sta_hh_mm","flttim.end_hh","flttim.end_mm","flttim.end_hh_mm","fltm_end","fltm_sta","diff.time","extrvl_mL","extrconc_ngpuL","volATL_uL","volPK_uL","dt.f.extr","diff.dt.fil.extr","mlpermin","vlf.extrc","vly.rt","filt.smpltp","filt.psz","filt.mbr","extrconc_ngpuL_Pfltvol.L","covl","tmflt_end","tmflt_frz","tm.btw_fil_freez"
"1","Rnd01","STX_0.22","CPS","1","1",5000,"2024-jul-16","1101","1417","1437","NA","1","",35,1,0.7,"2024-aug-28","13.8","","720","80","400","400","200",5000,1417,1101,2024-07-16,"11","01","2024-07-16 11:01","14","17","2024-07-16 14:17",2024-07-16 14:17:00,2024-07-16 11:01:00,196,0.7,13.8,720,80,2024-08-28,43,25.5102040816327,800,0.875,"smpl",0.22,"STX",2.76,2760,2024-07-16 14:17:00,2024-07-16 14:37:00,20
"2","Rnd01","STX_0.22","CPS","2","2",5000,"2024-jul-16","1101","1419","1437","NA","1","",35,2,0.8,"2024-aug-28","14.6","","720","80","400","400","200",5000,1419,1101,2024-07-16,"11","01","2024-07-16 11:01","14","19","2024-07-16 14:19",2024-07-16 14:19:00,2024-07-16 11:01:00,198,0.8,14.6,720,80,2024-08-28,43,25.2525252525253,800,1,"smpl",0.22,"STX",2.92,2920,2024-07-16 14:19:00,2024-07-16 14:37:00,18
"3","Rnd01","STX_0.22","CPS","3","3",5000,"2024-jul-16","1101","1419","1437","NA","1","",35,3,0.8,"2024-aug-28","14.2","","720","80","400","400","200",5000,1419,1101,2024-07-16,"11","01","2024-07-16 11:01","14","19","2024-07-16 14:19",2024-07-16 14:19:00,2024-07-16 11:01:00,198,0.8,14.2,720,80,2024-08-28,43,25.2525252525253,800,1,"smpl",0.22,"STX",2.84,2840,2024-07-16 14:19:00,2024-07-16 14:37:00,18
"4","Rnd01","STX_0.22","CPS","4","4",5000,"2024-jul-16","1101","1419","1437","NA","1","",35,4,0.7,"2024-aug-28","18.1","","720","80","400","400","200",5000,1419,1101,2024-07-16,"11","01","2024-07-16 11:01","14","19","2024-07-16 14:19",2024-07-16 14:19:00,2024-07-16 11:01:00,198,0.7,18.1,720,80,2024-08-28,43,25.2525252525253,800,0.875,"smpl",0.22,"STX",3.62,3620,2024-07-16 14:19:00,2024-07-16 14:37:00,18
"5","Rnd01","STX_0.22","CPS","5","5",5000,"2024-jul-16","1101","1419","1437","NA","1","",35,5,0.8,"2024-aug-28","16.2","","720","80","400","400","200",5000,1419,1101,2024-07-16,"11","01","2024-07-16 11:01","14","19","2024-07-16 14:19",2024-07-16 14:19:00,2024-07-16 11:01:00,198,0.8,16.2,720,80,2024-08-28,43,25.2525252525253,800,1,"smpl",0.22,"STX",3.24,3240,2024-07-16 14:19:00,2024-07-16 14:37:00,18
"6","Rnd01","STX_0.22","CPS","6","6",5000,"2024-jul-16","1101","1419","1437","NA","1","",35,6,0.8,"2024-aug-28","20","","720","80","400","400","200",5000,1419,1101,2024-07-16,"11","01","2024-07-16 11:01","14","19","2024-07-16 14:19",2024-07-16 14:19:00,2024-07-16 11:01:00,198,0.8,20,720,80,2024-08-28,43,25.2525252525253,800,1,"smpl",0.22,"STX",4,4000,2024-07-16 14:19:00,2024-07-16 14:37:00,18
"7","Rnd01","STX_0.22","CPS","7","7",5000,"2024-jul-16","1101","1419","1437","NA","1","",35,7,0.8,"2024-aug-28","19.8","","720","80","400","400","200",5000,1419,1101,2024-07-16,"11","01","2024-07-16 11:01","14","19","2024-07-16 14:19",2024-07-16 14:19:00,2024-07-16 11:01:00,198,0.8,19.8,720,80,2024-08-28,43,25.2525252525253,800,1,"smpl",0.22,"STX",3.96,3960,2024-07-16 14:19:00,2024-07-16 14:37:00,18
"8","Rnd01","STX_0.22","CPS","8","8",5000,"2024-jul-16","1101","1421","1437","NA","1","",35,8,0.7,"2024-aug-28","14.8","","720","80","400","400","200",5000,1421,1101,2024-07-16,"11","01","2024-07-16 11:01","14","21","2024-07-16 14:21",2024-07-16 14:21:00,2024-07-16 11:01:00,200,0.7,14.8,720,80,2024-08-28,43,25,800,0.875,"smpl",0.22,"STX",2.96,2960,2024-07-16 14:21:00,2024-07-16 14:37:00,16
"9","Rnd04","STX_0.45","CPS","1","121",5000,"2024-jul-18","1136","1457","1514","NA","1","",35,9,0.7,"2024-aug-28","13.8","","720","80","400","400","200",5000,1457,1136,2024-07-18,"11","36","2024-07-18 11:36","14","57","2024-07-18 14:57",2024-07-18 14:57:00,2024-07-18 11:36:00,201,0.7,13.8,720,80,2024-08-28,41,24.8756218905473,800,0.875,"smpl",0.45,"STX",2.76,2760,2024-07-18 14:57:00,2024-07-18 15:14:00,17
"10","Rnd04","STX_0.45","CPS","2","122",5000,"2024-jul-18","1136","1457","1514","NA","1","",35,10,0.8,"2024-aug-28","15.6","","720","80","400","400","200",5000,1457,1136,2024-07-18,"11","36","2024-07-18 11:36","14","57","2024-07-18 14:57",2024-07-18 14:57:00,2024-07-18 11:36:00,201,0.8,15.6,720,80,2024-08-28,41,24.8756218905473,800,1,"smpl",0.45,"STX",3.12,3120,2024-07-18 14:57:00,2024-07-18 15:14:00,17
"11","Rnd04","STX_0.45","CPS","3","123",5000,"2024-jul-18","1136","1457","1514","NA","1","",35,11,0.8,"2024-aug-28","14.2","","720","80","400","400","200",5000,1457,1136,2024-07-18,"11","36","2024-07-18 11:36","14","57","2024-07-18 14:57",2024-07-18 14:57:00,2024-07-18 11:36:00,201,0.8,14.2,720,80,2024-08-28,41,24.8756218905473,800,1,"smpl",0.45,"STX",2.84,2840,2024-07-18 14:57:00,2024-07-18 15:14:00,17
"12","Rnd04","STX_0.45","CPS","4","124",4950,"2024-jul-18","1136","1457","1514","NA","1","",35,12,0.8,"2024-aug-28","15","","720","80","400","400","200",4950,1457,1136,2024-07-18,"11","36","2024-07-18 11:36","14","57","2024-07-18 14:57",2024-07-18 14:57:00,2024-07-18 11:36:00,201,0.8,15,720,80,2024-08-28,41,24.6268656716418,800,1,"smpl",0.45,"STX",3.03030303030303,3030.30303030303,2024-07-18 14:57:00,2024-07-18 15:14:00,17
"13","Rnd04","STX_0.45","CPS","5","125",5000,"2024-jul-18","1136","1457","1514","NA","1","",35,13,0.5,"2024-aug-28","13.2","","720","80","400","400","200",5000,1457,1136,2024-07-18,"11","36","2024-07-18 11:36","14","57","2024-07-18 14:57",2024-07-18 14:57:00,2024-07-18 11:36:00,201,0.5,13.2,720,80,2024-08-28,41,24.8756218905473,800,0.625,"smpl",0.45,"STX",2.64,2640,2024-07-18 14:57:00,2024-07-18 15:14:00,17
"14","Rnd04","STX_0.45","CPS","6","126",5000,"2024-jul-18","1136","1457","1514","NA","1","",35,14,0.6,"2024-aug-28","13.8","","720","80","400","400","200",5000,1457,1136,2024-07-18,"11","36","2024-07-18 11:36","14","57","2024-07-18 14:57",2024-07-18 14:57:00,2024-07-18 11:36:00,201,0.6,13.8,720,80,2024-08-28,41,24.8756218905473,800,0.75,"smpl",0.45,"STX",2.76,2760,2024-07-18 14:57:00,2024-07-18 15:14:00,17
"15","Rnd04","STX_0.45","CPS","7","127",4950,"2024-jul-18","1136","1457","1514","NA","1","",35,15,0.7,"2024-aug-28","13.8","","720","80","400","400","200",4950,1457,1136,2024-07-18,"11","36","2024-07-18 11:36","14","57","2024-07-18 14:57",2024-07-18 14:57:00,2024-07-18 11:36:00,201,0.7,13.8,720,80,2024-08-28,41,24.6268656716418,800,0.875,"smpl",0.45,"STX",2.78787878787879,2787.87878787879,2024-07-18 14:57:00,2024-07-18 15:14:00,17
"16","Rnd04","STX_0.45","CPS","8","128",5000,"2024-jul-18","1136","1457","1514","NA","1","",35,16,0.6,"2024-aug-28","14","","720","80","400","400","200",5000,1457,1136,2024-07-18,"11","36","2024-07-18 11:36","14","57","2024-07-18 14:57",2024-07-18 14:57:00,2024-07-18 11:36:00,201,0.6,14,720,80,2024-08-28,41,24.8756218905473,800,0.75,"smpl",0.45,"STX",2.8,2800,2024-07-18 14:57:00,2024-07-18 15:14:00,17
"17","Rnd05","STX_0.22NK","CPS","1","161",5000,"2024-jul-30","1055","1432","1453","NA","1","",35,17,0.6,"2024-aug-28","3.72","","720","80","400","400","200",5000,1432,1055,2024-07-30,"10","55","2024-07-30 10:55","14","32","2024-07-30 14:32",2024-07-30 14:32:00,2024-07-30 10:55:00,217,0.6,3.72,720,80,2024-08-28,29,23.0414746543779,800,0.75,"NK",0.22,"STX",0.744,744,2024-07-30 14:32:00,2024-07-30 14:53:00,21
"18","Rnd05","STX_0.22NK","CPS","2","162",5000,"2024-jul-30","1055","1435","1453","NA","1","",35,18,0.7,"2024-aug-28","2.87","","720","80","400","400","200",5000,1435,1055,2024-07-30,"10","55","2024-07-30 10:55","14","35","2024-07-30 14:35",2024-07-30 14:35:00,2024-07-30 10:55:00,220,0.7,2.87,720,80,2024-08-28,29,22.7272727272727,800,0.875,"NK",0.22,"STX",0.574,574,2024-07-30 14:35:00,2024-07-30 14:53:00,18
"19","Rnd05","STX_0.22NK","CPS","3","163",5000,"2024-jul-30","1055","1437","1453","NA","1","",35,19,0.8,"2024-aug-28","3.44","","720","80","400","400","200",5000,1437,1055,2024-07-30,"10","55","2024-07-30 10:55","14","37","2024-07-30 14:37",2024-07-30 14:37:00,2024-07-30 10:55:00,222,0.8,3.44,720,80,2024-08-28,29,22.5225225225225,800,1,"NK",0.22,"STX",0.688,688,2024-07-30 14:37:00,2024-07-30 14:53:00,16
"20","Rnd05","STX_0.22NK","CPS","4","164",5100,"2024-jul-30","1055","1443","1453","NA","1","",35,20,0.8,"2024-aug-28","3.94","","720","80","400","400","200",5100,1443,1055,2024-07-30,"10","55","2024-07-30 10:55","14","43","2024-07-30 14:43",2024-07-30 14:43:00,2024-07-30 10:55:00,228,0.8,3.94,720,80,2024-08-28,29,22.3684210526316,800,1,"NK",0.22,"STX",0.772549019607843,772.549019607843,2024-07-30 14:43:00,2024-07-30 14:53:00,10
"21","Rnd05","STX_0.45NK","CPS","1","181",5000,"2024-jul-30","1056","1355","1414","NA","1","",35,21,0.7,"2024-aug-28","3.66","","720","80","400","400","200",5000,1355,1056,2024-07-30,"10","56","2024-07-30 10:56","13","55","2024-07-30 13:55",2024-07-30 13:55:00,2024-07-30 10:56:00,179,0.7,3.66,720,80,2024-08-28,29,27.9329608938547,800,0.875,"NK",0.45,"STX",0.732,732,2024-07-30 13:55:00,2024-07-30 14:14:00,19
"22","Rnd05","STX_0.45NK","CPS","2","182",5100,"2024-jul-30","1056","1401","1414","NA","1","",35,22,0.4,"2024-aug-28","2.27","","720","80","400","400","200",5100,1401,1056,2024-07-30,"10","56","2024-07-30 10:56","14","01","2024-07-30 14:01",2024-07-30 14:01:00,2024-07-30 10:56:00,185,0.4,2.27,720,80,2024-08-28,29,27.5675675675676,800,0.5,"NK",0.45,"STX",0.445098039215686,445.098039215686,2024-07-30 14:01:00,2024-07-30 14:14:00,13
"23","Rnd05","STX_0.45NK","CPS","3","183",5000,"2024-jul-30","1056","1401","1414","NA","1","",35,23,0.5,"2024-aug-28","2.78","","720","80","400","400","200",5000,1401,1056,2024-07-30,"10","56","2024-07-30 10:56","14","01","2024-07-30 14:01",2024-07-30 14:01:00,2024-07-30 10:56:00,185,0.5,2.78,720,80,2024-08-28,29,27.027027027027,800,0.625,"NK",0.45,"STX",0.556,556,2024-07-30 14:01:00,2024-07-30 14:14:00,13
"24","Rnd05","STX_0.45NK","CPS","4","184",5000,"2024-jul-30","1056","1405","1414","NA","1","",35,24,0.6,"2024-aug-28","3.88","","720","80","400","400","200",5000,1405,1056,2024-07-30,"10","56","2024-07-30 10:56","14","05","2024-07-30 14:05",2024-07-30 14:05:00,2024-07-30 10:56:00,189,0.6,3.88,720,80,2024-08-28,29,26.4550264550265,800,0.75,"NK",0.45,"STX",0.776,776,2024-07-30 14:05:00,2024-07-30 14:14:00,9
"25","Rnd04","PSE_0.45","DIS","1","129",6500,"2024-jul-19","1020","1141","1150","1","2","",36,1,1.4,"2024-aug-29","15.4","","1440","160","800","800","200",6500,1141,1020,2024-07-19,"10","20","2024-07-19 10:20","11","41","2024-07-19 11:41",2024-07-19 11:41:00,2024-07-19 10:20:00,81,1.4,15.4,1440,160,2024-08-29,41,80.2469135802469,1600,0.875,"smpl",0.45,"PSE",2.36923076923077,2369.23076923077,2024-07-19 11:41:00,2024-07-19 11:50:00,9
"26","Rnd04","PSE_0.45","DIS","2","130",5350,"2024-jul-19","1020","1141","1150","1","2","",36,2,1,"2024-aug-29","12.6","white substance in ATL buffer after overnight incubation","1440","160","800","800","200",5350,1141,1020,2024-07-19,"10","20","2024-07-19 10:20","11","41","2024-07-19 11:41",2024-07-19 11:41:00,2024-07-19 10:20:00,81,1,12.6,1440,160,2024-08-29,41,66.0493827160494,1600,0.625,"smpl",0.45,"PSE",2.35514018691589,2355.14018691589,2024-07-19 11:41:00,2024-07-19 11:50:00,9
"27","Rnd04","PSE_0.45","DIS","3","131",4900,"2024-jul-19","1020","1233","1243","2","2","",36,3,1.4,"2024-aug-29","12.8","","1440","160","800","800","200",4900,1233,1020,2024-07-19,"10","20","2024-07-19 10:20","12","33","2024-07-19 12:33",2024-07-19 12:33:00,2024-07-19 10:20:00,133,1.4,12.8,1440,160,2024-08-29,41,36.8421052631579,1600,0.875,"smpl",0.45,"PSE",2.61224489795918,2612.24489795918,2024-07-19 12:33:00,2024-07-19 12:43:00,10
"28","Rnd04","PSE_0.45","DIS","4","132",5000,"2024-jul-19","1020","1233","1243","2","2","",36,4,1.4,"2024-aug-29","14.6","","1440","160","800","800","200",5000,1233,1020,2024-07-19,"10","20","2024-07-19 10:20","12","33","2024-07-19 12:33",2024-07-19 12:33:00,2024-07-19 10:20:00,133,1.4,14.6,1440,160,2024-08-29,41,37.593984962406,1600,0.875,"smpl",0.45,"PSE",2.92,2920,2024-07-19 12:33:00,2024-07-19 12:43:00,10
"29","Rnd04","PSE_0.45","DIS","5","133",5100,"2024-jul-19","1020","1244","1321","3","2","",36,5,1.4,"2024-aug-29","16.3","","1440","160","800","800","200",5100,1244,1020,2024-07-19,"10","20","2024-07-19 10:20","12","44","2024-07-19 12:44",2024-07-19 12:44:00,2024-07-19 10:20:00,144,1.4,16.3,1440,160,2024-08-29,41,35.4166666666667,1600,0.875,"smpl",0.45,"PSE",3.19607843137255,3196.07843137255,2024-07-19 12:44:00,2024-07-19 13:21:00,37
"30","Rnd04","PSE_0.45","DIS","6","134",5000,"2024-jul-19","1020","1314","1321","3","2","",36,6,1.4,"2024-aug-29","16","","1440","160","800","800","200",5000,1314,1020,2024-07-19,"10","20","2024-07-19 10:20","13","14","2024-07-19 13:14",2024-07-19 13:14:00,2024-07-19 10:20:00,174,1.4,16,1440,160,2024-08-29,41,28.735632183908,1600,0.875,"smpl",0.45,"PSE",3.2,3200,2024-07-19 13:14:00,2024-07-19 13:21:00,7
"31","Rnd04","PSE_0.45","DIS","7","135",4450,"2024-jul-19","1020","1414","1430","4","2","",36,7,0.8,"2024-aug-29","9.55","white substance in ATL buffer after overnight incubation","1440","160","800","800","200",4450,1414,1020,2024-07-19,"10","20","2024-07-19 10:20","14","14","2024-07-19 14:14",2024-07-19 14:14:00,2024-07-19 10:20:00,234,0.8,9.55,1440,160,2024-08-29,41,19.017094017094,1600,0.5,"smpl",0.45,"PSE",2.14606741573034,2146.06741573034,2024-07-19 14:14:00,2024-07-19 14:30:00,16
"32","Rnd04","PSE_0.45","DIS","8","136",5000,"2024-jul-19","1020","1414","1430","4","2","",36,8,1.5,"2024-aug-29","17.2","","1440","160","800","800","200",5000,1414,1020,2024-07-19,"10","20","2024-07-19 10:20","14","14","2024-07-19 14:14",2024-07-19 14:14:00,2024-07-19 10:20:00,234,1.5,17.2,1440,160,2024-08-29,41,21.3675213675214,1600,0.9375,"smpl",0.45,"PSE",3.44,3440,2024-07-19 14:14:00,2024-07-19 14:30:00,16
"33","Rnd04","PSE_0.45","DIS","9","137",4900,"2024-jul-19","1020","1452","1505","5","2","",36,9,1.5,"2024-aug-29","14.2","","1440","160","800","800","200",4900,1452,1020,2024-07-19,"10","20","2024-07-19 10:20","14","52","2024-07-19 14:52",2024-07-19 14:52:00,2024-07-19 10:20:00,272,1.5,14.2,1440,160,2024-08-29,41,18.0147058823529,1600,0.9375,"smpl",0.45,"PSE",2.89795918367347,2897.95918367347,2024-07-19 14:52:00,2024-07-19 15:05:00,13
"34","Rnd04","PSE_0.45","DIS","10","138",5500,"2024-jul-19","1020","1452","1505","5","2","",36,10,1.5,"2024-aug-29","16.2","","1440","160","800","800","200",5500,1452,1020,2024-07-19,"10","20","2024-07-19 10:20","14","52","2024-07-19 14:52",2024-07-19 14:52:00,2024-07-19 10:20:00,272,1.5,16.2,1440,160,2024-08-29,41,20.2205882352941,1600,0.9375,"smpl",0.45,"PSE",2.94545454545455,2945.45454545455,2024-07-19 14:52:00,2024-07-19 15:05:00,13
"35","Rnd04","PSE_0.45","DIS","11","139",5350,"2024-jul-19","1020","1621","1639","6","2","",36,11,1.5,"2024-aug-29","16","","1440","160","800","800","200",5350,1621,1020,2024-07-19,"10","20","2024-07-19 10:20","16","21","2024-07-19 16:21",2024-07-19 16:21:00,2024-07-19 10:20:00,361,1.5,16,1440,160,2024-08-29,41,14.8199445983379,1600,0.9375,"smpl",0.45,"PSE",2.99065420560748,2990.65420560748,2024-07-19 16:21:00,2024-07-19 16:39:00,18
"36","Rnd04","PSE_0.45","DIS","12","140",4700,"2024-jul-19","1020","1621","1639","6","2","",36,12,1.2,"2024-aug-29","16.6","","1440","160","800","800","200",4700,1621,1020,2024-07-19,"10","20","2024-07-19 10:20","16","21","2024-07-19 16:21",2024-07-19 16:21:00,2024-07-19 10:20:00,361,1.2,16.6,1440,160,2024-08-29,41,13.0193905817175,1600,0.75,"smpl",0.45,"PSE",3.53191489361702,3531.91489361702,2024-07-19 16:21:00,2024-07-19 16:39:00,18
"37","Rnd04","PSE_0.45","DIS","13","141",5300,"2024-jul-19","1020","1629","1639","7","2","",36,13,1.4,"2024-aug-29","18.2","","1440","160","800","800","200",5300,1629,1020,2024-07-19,"10","20","2024-07-19 10:20","16","29","2024-07-19 16:29",2024-07-19 16:29:00,2024-07-19 10:20:00,369,1.4,18.2,1440,160,2024-08-29,41,14.3631436314363,1600,0.875,"smpl",0.45,"PSE",3.43396226415094,3433.96226415094,2024-07-19 16:29:00,2024-07-19 16:39:00,10
"38","Rnd04","PSE_0.45","DIS","14","142",4550,"2024-jul-19","1020","1629","1639","7","2","",36,14,1.4,"2024-aug-29","16.3","","1440","160","800","800","200",4550,1629,1020,2024-07-19,"10","20","2024-07-19 10:20","16","29","2024-07-19 16:29",2024-07-19 16:29:00,2024-07-19 10:20:00,369,1.4,16.3,1440,160,2024-08-29,41,12.3306233062331,1600,0.875,"smpl",0.45,"PSE",3.58241758241758,3582.41758241758,2024-07-19 16:29:00,2024-07-19 16:39:00,10
"39","Rnd04","PSE_0.45","DIS","15","143",5000,"2024-jul-19","1020","1709","1723","8","2","",36,15,1.5,"2024-aug-29","17.9","","1440","160","800","800","200",5000,1709,1020,2024-07-19,"10","20","2024-07-19 10:20","17","09","2024-07-19 17:09",2024-07-19 17:09:00,2024-07-19 10:20:00,409,1.5,17.9,1440,160,2024-08-29,41,12.2249388753056,1600,0.9375,"smpl",0.45,"PSE",3.58,3580,2024-07-19 17:09:00,2024-07-19 17:23:00,14
"40","Rnd04","PSE_0.45","DIS","16","144",5000,"2024-jul-19","1020","1717","1723","8","2","",36,16,1.1,"2024-aug-29","13.8","white substance in ATL buffer after overnight incubation","1440","160","800","800","200",5000,1717,1020,2024-07-19,"10","20","2024-07-19 10:20","17","17","2024-07-19 17:17",2024-07-19 17:17:00,2024-07-19 10:20:00,417,1.1,13.8,1440,160,2024-08-29,41,11.9904076738609,1600,0.6875,"smpl",0.45,"PSE",2.76,2760,2024-07-19 17:17:00,2024-07-19 17:23:00,6
"41","Rnd05","PLC_0.22NK","DIS","4","168",5000,"2024-jul-30","1305","2030","2047","2","2","",36,17,1.5,"2024-aug-29","4.69","","1440","160","800","800","200",5000,2030,1305,2024-07-30,"13","05","2024-07-30 13:05","20","30","2024-07-30 20:30",2024-07-30 20:30:00,2024-07-30 13:05:00,445,1.5,4.69,1440,160,2024-08-29,30,11.2359550561798,1600,0.9375,"NK",0.22,"PLC",0.938,938,2024-07-30 20:30:00,2024-07-30 20:47:00,17
"42","Rnd05","PSE_0.22NK","DIS","1","169",4650,"2024-jul-30","1305","1537","1622","3","2","",36,18,1.4,"2024-aug-29","4.58","","1440","160","800","800","200",4650,1537,1305,2024-07-30,"13","05","2024-07-30 13:05","15","37","2024-07-30 15:37",2024-07-30 15:37:00,2024-07-30 13:05:00,152,1.4,4.58,1440,160,2024-08-29,30,30.5921052631579,1600,0.875,"NK",0.22,"PSE",0.98494623655914,984.94623655914,2024-07-30 15:37:00,2024-07-30 16:22:00,45
"43","Rnd05","PSE_0.22NK","DIS","2","170",4500,"2024-jul-30","1305","1537","1622","3","2","",36,19,1.4,"2024-aug-29","4.24","","1440","160","800","800","200",4500,1537,1305,2024-07-30,"13","05","2024-07-30 13:05","15","37","2024-07-30 15:37",2024-07-30 15:37:00,2024-07-30 13:05:00,152,1.4,4.24,1440,160,2024-08-29,30,29.6052631578947,1600,0.875,"NK",0.22,"PSE",0.942222222222222,942.222222222222,2024-07-30 15:37:00,2024-07-30 16:22:00,45
"44","Rnd05","PSE_0.22NK","DIS","3","171",4400,"2024-jul-30","1305","1552","1834","4","2","",36,20,1.3,"2024-aug-29","3.38","","1440","160","800","800","200",4400,1552,1305,2024-07-30,"13","05","2024-07-30 13:05","15","52","2024-07-30 15:52",2024-07-30 15:52:00,2024-07-30 13:05:00,167,1.3,3.38,1440,160,2024-08-29,30,26.3473053892216,1600,0.8125,"NK",0.22,"PSE",0.768181818181818,768.181818181818,2024-07-30 15:52:00,2024-07-30 18:34:00,162
"45","Rnd05","PSE_0.22NK","DIS","4","172",4000,"2024-jul-30","1305","1552","1834","4","2","",36,21,1.2,"2024-aug-29","3.4","","1440","160","800","800","200",4000,1552,1305,2024-07-30,"13","05","2024-07-30 13:05","15","52","2024-07-30 15:52",2024-07-30 15:52:00,2024-07-30 13:05:00,167,1.2,3.4,1440,160,2024-08-29,30,23.9520958083832,1600,0.75,"NK",0.22,"PSE",0.85,850,2024-07-30 15:52:00,2024-07-30 18:34:00,162
"46","Rnd05","PLC_3.00NK","DIS","1","197",5000,"2024-jul-30","1743","1909","2010","7","3","",36,22,1.4,"2024-aug-29","0.595","","1440","160","800","800","200",5000,1909,1743,2024-07-30,"17","43","2024-07-30 17:43","19","09","2024-07-30 19:09",2024-07-30 19:09:00,2024-07-30 17:43:00,86,1.4,0.595,1440,160,2024-08-29,30,58.1395348837209,1600,0.875,"NK",3,"PLC",0.119,119,2024-07-30 19:09:00,2024-07-30 20:10:00,61
"47","Rnd05","PLC_3.00NK","DIS","2","198",5750,"2024-jul-30","1743","1948","2010","7","3","",36,23,1.5,"2024-aug-29","0.97","","1440","160","800","800","200",5750,1948,1743,2024-07-30,"17","43","2024-07-30 17:43","19","48","2024-07-30 19:48",2024-07-30 19:48:00,2024-07-30 17:43:00,125,1.5,0.97,1440,160,2024-08-29,30,46,1600,0.9375,"NK",3,"PLC",0.168695652173913,168.695652173913,2024-07-30 19:48:00,2024-07-30 20:10:00,22
"48","Rnd05","PLC_3.00NK","DIS","3","199",5000,"2024-jul-30","1755","1908","1945","8","3","",36,24,1.4,"2024-aug-29","0.377","","1440","160","800","800","200",5000,1908,1755,2024-07-30,"17","55","2024-07-30 17:55","19","08","2024-07-30 19:08",2024-07-30 19:08:00,2024-07-30 17:55:00,73,1.4,0.377,1440,160,2024-08-29,30,68.4931506849315,1600,0.875,"NK",3,"PLC",0.0754,75.4,2024-07-30 19:08:00,2024-07-30 19:45:00,37
"49","Rnd05","PLC_3.00NK","DIS","4","200",5000,"2024-jul-30","1755","1938","1945","8","3","",36,25,1.4,"2024-aug-29","0.675","","1440","160","800","800","200",5000,1938,1755,2024-07-30,"17","55","2024-07-30 17:55","19","38","2024-07-30 19:38",2024-07-30 19:38:00,2024-07-30 17:55:00,103,1.4,0.675,1440,160,2024-08-29,30,48.5436893203884,1600,0.875,"NK",3,"PLC",0.135,135,2024-07-30 19:38:00,2024-07-30 19:45:00,7
"50","NA","NoFilter_NK","NEK","NA","NEK01",NA,"NA","NA","NA","NA","NA","NA","Negative extraction control in lab",36,26,0.2,"2024-aug-29","0","","180","20","200","200","200",NA,NA,NA,NA,NA,NA,"NA NA:NA",NA,NA,"NA NA:NA",NA,NA,NA,0.2,0,180,20,2024-08-29,NA,NA,200,1,"NK",0,"NoFilter",NA,NA,NA,NA,NA
"51","Rnd02","PLC_0.80","DIS","1","49",4700,"2024-jul-17","1048","1429","1445","1","2","",37,1,1.5,"2024-sep-04","12.8","","1440","160","800","800","200",4700,1429,1048,2024-07-17,"10","48","2024-07-17 10:48","14","29","2024-07-17 14:29",2024-07-17 14:29:00,2024-07-17 10:48:00,221,1.5,12.8,1440,160,2024-09-04,49,21.2669683257919,1600,0.9375,"smpl",0.8,"PLC",2.72340425531915,2723.40425531915,2024-07-17 14:29:00,2024-07-17 14:45:00,16
"52","Rnd02","PLC_0.80","DIS","2","50",3450,"2024-jul-17","1048","1429","1445","1","2","",37,2,1.5,"2024-sep-04","11","","1440","160","800","800","200",3450,1429,1048,2024-07-17,"10","48","2024-07-17 10:48","14","29","2024-07-17 14:29",2024-07-17 14:29:00,2024-07-17 10:48:00,221,1.5,11,1440,160,2024-09-04,49,15.6108597285068,1600,0.9375,"smpl",0.8,"PLC",3.18840579710145,3188.40579710145,2024-07-17 14:29:00,2024-07-17 14:45:00,16
"53","Rnd02","PLC_0.80","DIS","3","51",4500,"2024-jul-17","1048","1529","1540","2","2","",37,3,1.5,"2024-sep-04","13.8","","1440","160","800","800","200",4500,1529,1048,2024-07-17,"10","48","2024-07-17 10:48","15","29","2024-07-17 15:29",2024-07-17 15:29:00,2024-07-17 10:48:00,281,1.5,13.8,1440,160,2024-09-04,49,16.0142348754448,1600,0.9375,"smpl",0.8,"PLC",3.06666666666667,3066.66666666667,2024-07-17 15:29:00,2024-07-17 15:40:00,11
"54","Rnd02","PLC_0.80","DIS","4","52",4950,"2024-jul-17","1048","1529","1540","2","2","",37,4,1.4,"2024-sep-04","14.4","","1440","160","800","800","200",4950,1529,1048,2024-07-17,"10","48","2024-07-17 10:48","15","29","2024-07-17 15:29",2024-07-17 15:29:00,2024-07-17 10:48:00,281,1.4,14.4,1440,160,2024-09-04,49,17.6156583629893,1600,0.875,"smpl",0.8,"PLC",2.90909090909091,2909.09090909091,2024-07-17 15:29:00,2024-07-17 15:40:00,11
"55","Rnd02","PLC_0.80","DIS","5","53",5000,"2024-jul-17","1048","1540","1548","3","2","",37,5,1.5,"2024-sep-04","13.6","","1440","160","800","800","200",5000,1540,1048,2024-07-17,"10","48","2024-07-17 10:48","15","40","2024-07-17 15:40",2024-07-17 15:40:00,2024-07-17 10:48:00,292,1.5,13.6,1440,160,2024-09-04,49,17.1232876712329,1600,0.9375,"smpl",0.8,"PLC",2.72,2720,2024-07-17 15:40:00,2024-07-17 15:48:00,8
"56","Rnd02","PLC_0.80","DIS","6","54",3900,"2024-jul-17","1048","1540","1548","3","2","",37,6,1.4,"2024-sep-04","13.8","","1440","160","800","800","200",3900,1540,1048,2024-07-17,"10","48","2024-07-17 10:48","15","40","2024-07-17 15:40",2024-07-17 15:40:00,2024-07-17 10:48:00,292,1.4,13.8,1440,160,2024-09-04,49,13.3561643835616,1600,0.875,"smpl",0.8,"PLC",3.53846153846154,3538.46153846154,2024-07-17 15:40:00,2024-07-17 15:48:00,8
"57","Rnd02","PLC_0.80","DIS","7","55",5500,"2024-jul-17","1048","1559","1614","4","2","",37,7,1.4,"2024-sep-04","12.6","","1440","160","800","800","200",5500,1559,1048,2024-07-17,"10","48","2024-07-17 10:48","15","59","2024-07-17 15:59",2024-07-17 15:59:00,2024-07-17 10:48:00,311,1.4,12.6,1440,160,2024-09-04,49,17.6848874598071,1600,0.875,"smpl",0.8,"PLC",2.29090909090909,2290.90909090909,2024-07-17 15:59:00,2024-07-17 16:14:00,15
"58","Rnd02","PLC_0.80","DIS","8","56",4650,"2024-jul-17","1048","1559","1614","4","2","",37,8,1.4,"2024-sep-04","13.4","","1440","160","800","800","200",4650,1559,1048,2024-07-17,"10","48","2024-07-17 10:48","15","59","2024-07-17 15:59",2024-07-17 15:59:00,2024-07-17 10:48:00,311,1.4,13.4,1440,160,2024-09-04,49,14.951768488746,1600,0.875,"smpl",0.8,"PLC",2.88172043010753,2881.72043010753,2024-07-17 15:59:00,2024-07-17 16:14:00,15
"59","Rnd02","PLC_0.80","DIS","9","57",4500,"2024-jul-17","1048","1625","1637","5","2","",37,9,1.5,"2024-sep-04","14.6","","1440","160","800","800","200",4500,1625,1048,2024-07-17,"10","48","2024-07-17 10:48","16","25","2024-07-17 16:25",2024-07-17 16:25:00,2024-07-17 10:48:00,337,1.5,14.6,1440,160,2024-09-04,49,13.353115727003,1600,0.9375,"smpl",0.8,"PLC",3.24444444444444,3244.44444444444,2024-07-17 16:25:00,2024-07-17 16:37:00,12
"60","Rnd02","PLC_0.80","DIS","10","58",5250,"2024-jul-17","1048","1625","1637","5","2","",37,10,1.4,"2024-sep-04","15","","1440","160","800","800","200",5250,1625,1048,2024-07-17,"10","48","2024-07-17 10:48","16","25","2024-07-17 16:25",2024-07-17 16:25:00,2024-07-17 10:48:00,337,1.4,15,1440,160,2024-09-04,49,15.5786350148368,1600,0.875,"smpl",0.8,"PLC",2.85714285714286,2857.14285714286,2024-07-17 16:25:00,2024-07-17 16:37:00,12
"61","Rnd02","PLC_0.80","DIS","11","59",5400,"2024-jul-17","1048","1652","1701","6","2","",37,11,1.5,"2024-sep-04","17.4","","1440","160","800","800","200",5400,1652,1048,2024-07-17,"10","48","2024-07-17 10:48","16","52","2024-07-17 16:52",2024-07-17 16:52:00,2024-07-17 10:48:00,364,1.5,17.4,1440,160,2024-09-04,49,14.8351648351648,1600,0.9375,"smpl",0.8,"PLC",3.22222222222222,3222.22222222222,2024-07-17 16:52:00,2024-07-17 17:01:00,9
"62","Rnd02","PLC_0.80","DIS","12","60",5350,"2024-jul-17","1048","1652","1701","6","2","",37,12,1.4,"2024-sep-04","13","","1440","160","800","800","200",5350,1652,1048,2024-07-17,"10","48","2024-07-17 10:48","16","52","2024-07-17 16:52",2024-07-17 16:52:00,2024-07-17 10:48:00,364,1.4,13,1440,160,2024-09-04,49,14.6978021978022,1600,0.875,"smpl",0.8,"PLC",2.42990654205608,2429.90654205608,2024-07-17 16:52:00,2024-07-17 17:01:00,9
"63","Rnd02","PLC_0.80","DIS","13","61",5800,"2024-jul-17","1048","1701","1750","7","2","",37,13,1.5,"2024-sep-04","17.4","","1440","160","800","800","200",5800,1701,1048,2024-07-17,"10","48","2024-07-17 10:48","17","01","2024-07-17 17:01",2024-07-17 17:01:00,2024-07-17 10:48:00,373,1.5,17.4,1440,160,2024-09-04,49,15.5495978552279,1600,0.9375,"smpl",0.8,"PLC",3,3000,2024-07-17 17:01:00,2024-07-17 17:50:00,49
"64","Rnd02","PLC_0.80","DIS","14","62",5400,"2024-jul-17","1048","1701","1750","7","2","",37,14,1.5,"2024-sep-04","16.2","","1440","160","800","800","200",5400,1701,1048,2024-07-17,"10","48","2024-07-17 10:48","17","01","2024-07-17 17:01",2024-07-17 17:01:00,2024-07-17 10:48:00,373,1.5,16.2,1440,160,2024-09-04,49,14.4772117962466,1600,0.9375,"smpl",0.8,"PLC",3,3000,2024-07-17 17:01:00,2024-07-17 17:50:00,49
"65","Rnd02","PLC_0.80","DIS","15","63",5000,"2024-jul-17","1048","1701","1750","8","2","",37,15,1.4,"2024-sep-04","15.2","","1440","160","800","800","200",5000,1701,1048,2024-07-17,"10","48","2024-07-17 10:48","17","01","2024-07-17 17:01",2024-07-17 17:01:00,2024-07-17 10:48:00,373,1.4,15.2,1440,160,2024-09-04,49,13.4048257372654,1600,0.875,"smpl",0.8,"PLC",3.04,3040,2024-07-17 17:01:00,2024-07-17 17:50:00,49
"66","Rnd02","PLC_0.80","DIS","16","64",5150,"2024-jul-17","1048","1701","1750","8","2","support filter from filtration ended up in the falcon tube",37,16,0.7,"2024-sep-04","15.6","support filter from filtration ended up being included in the extraction","1440","160","800","800","200",5150,1701,1048,2024-07-17,"10","48","2024-07-17 10:48","17","01","2024-07-17 17:01",2024-07-17 17:01:00,2024-07-17 10:48:00,373,0.7,15.6,1440,160,2024-09-04,49,13.8069705093834,1600,0.4375,"smpl",0.8,"PLC",3.02912621359223,3029.12621359223,2024-07-17 17:01:00,2024-07-17 17:50:00,49
"67","Rnd05","NYL_0.45NK","DIS","1","185",5000,"2024-jul-30","1425","1555","1622","1","3","",37,17,1,"2024-sep-04","11.8","","1440","160","800","800","200",5000,1555,1425,2024-07-30,"14","25","2024-07-30 14:25","15","55","2024-07-30 15:55",2024-07-30 15:55:00,2024-07-30 14:25:00,90,1,11.8,1440,160,2024-09-04,36,55.5555555555556,1600,0.625,"NK",0.45,"NYL",2.36,2360,2024-07-30 15:55:00,2024-07-30 16:22:00,27
"68","Rnd05","NYL_0.45NK","DIS","2","186",4700,"2024-jul-30","1425","1555","1622","1","3","",37,18,1.2,"2024-sep-04","11.4","","1440","160","800","800","200",4700,1555,1425,2024-07-30,"14","25","2024-07-30 14:25","15","55","2024-07-30 15:55",2024-07-30 15:55:00,2024-07-30 14:25:00,90,1.2,11.4,1440,160,2024-09-04,36,52.2222222222222,1600,0.75,"NK",0.45,"NYL",2.42553191489362,2425.53191489362,2024-07-30 15:55:00,2024-07-30 16:22:00,27
"69","Rnd05","NYL_0.45NK","DIS","3","187",4650,"2024-jul-30","1425","1744","1758","2","3","",37,19,1.1,"2024-sep-04","13","","1440","160","800","800","200",4650,1744,1425,2024-07-30,"14","25","2024-07-30 14:25","17","44","2024-07-30 17:44",2024-07-30 17:44:00,2024-07-30 14:25:00,199,1.1,13,1440,160,2024-09-04,36,23.3668341708543,1600,0.6875,"NK",0.45,"NYL",2.79569892473118,2795.69892473118,2024-07-30 17:44:00,2024-07-30 17:58:00,14
"70","Rnd05","NYL_0.45NK","DIS","4","188",5050,"2024-jul-30","1425","1744","1758","2","3","",37,20,1,"2024-sep-04","11","","1440","160","800","800","200",5050,1744,1425,2024-07-30,"14","25","2024-07-30 14:25","17","44","2024-07-30 17:44",2024-07-30 17:44:00,2024-07-30 14:25:00,199,1,11,1440,160,2024-09-04,36,25.3768844221106,1600,0.625,"NK",0.45,"NYL",2.17821782178218,2178.21782178218,2024-07-30 17:44:00,2024-07-30 17:58:00,14
"71","NA","NoFilter_NK","NEK","NA","NEK02",NA,"NA","NA","NA","NA","NA","NA","Negative extraction control in lab",37,21,0.2,"2024-sep-04","0","","180","20","200","200","200",NA,NA,NA,NA,NA,NA,"NA NA:NA",NA,NA,"NA NA:NA",NA,NA,NA,0.2,0,180,20,2024-09-04,NA,NA,200,1,"NK",0,"NoFilter",NA,NA,NA,NA,NA
"72","Rnd02","STX_0.22","CPS","9","41",5000,"2024-jul-16","1437","1752","1832","NA","1","",38,1,0.8,"2024-sep-06","15.2","","720","80","400","400","200",5000,1752,1437,2024-07-16,"14","37","2024-07-16 14:37","17","52","2024-07-16 17:52",2024-07-16 17:52:00,2024-07-16 14:37:00,195,0.8,15.2,720,80,2024-09-06,52,25.6410256410256,800,1,"smpl",0.22,"STX",3.04,3040,2024-07-16 17:52:00,2024-07-16 18:32:00,40
"73","Rnd02","STX_0.22","CPS","10","42",4850,"2024-jul-16","1437","1752","1832","NA","1","",38,2,0.7,"2024-sep-06","13.7","","720","80","400","400","200",4850,1752,1437,2024-07-16,"14","37","2024-07-16 14:37","17","52","2024-07-16 17:52",2024-07-16 17:52:00,2024-07-16 14:37:00,195,0.7,13.7,720,80,2024-09-06,52,24.8717948717949,800,0.875,"smpl",0.22,"STX",2.82474226804124,2824.74226804124,2024-07-16 17:52:00,2024-07-16 18:32:00,40
"74","Rnd02","STX_0.22","CPS","11","43",5000,"2024-jul-16","1437","1752","1832","NA","1","",38,3,0.8,"2024-sep-06","16","","720","80","400","400","200",5000,1752,1437,2024-07-16,"14","37","2024-07-16 14:37","17","52","2024-07-16 17:52",2024-07-16 17:52:00,2024-07-16 14:37:00,195,0.8,16,720,80,2024-09-06,52,25.6410256410256,800,1,"smpl",0.22,"STX",3.2,3200,2024-07-16 17:52:00,2024-07-16 18:32:00,40
"75","Rnd02","STX_0.22","CPS","12","44",4850,"2024-jul-16","1437","1752","1832","NA","1","",38,4,0.8,"2024-sep-06","14.4","","720","80","400","400","200",4850,1752,1437,2024-07-16,"14","37","2024-07-16 14:37","17","52","2024-07-16 17:52",2024-07-16 17:52:00,2024-07-16 14:37:00,195,0.8,14.4,720,80,2024-09-06,52,24.8717948717949,800,1,"smpl",0.22,"STX",2.96907216494845,2969.07216494845,2024-07-16 17:52:00,2024-07-16 18:32:00,40
"76","Rnd02","STX_0.22","CPS","13","45",4800,"2024-jul-16","1437","1752","1832","NA","1","",38,5,0.7,"2024-sep-06","16.1","","720","80","400","400","200",4800,1752,1437,2024-07-16,"14","37","2024-07-16 14:37","17","52","2024-07-16 17:52",2024-07-16 17:52:00,2024-07-16 14:37:00,195,0.7,16.1,720,80,2024-09-06,52,24.6153846153846,800,0.875,"smpl",0.22,"STX",3.35416666666667,3354.16666666667,2024-07-16 17:52:00,2024-07-16 18:32:00,40
"77","Rnd02","STX_0.22","CPS","14","46",4950,"2024-jul-16","1437","1752","1832","NA","1","",38,6,0.9,"2024-sep-06","16.5","","720","80","400","400","200",4950,1752,1437,2024-07-16,"14","37","2024-07-16 14:37","17","52","2024-07-16 17:52",2024-07-16 17:52:00,2024-07-16 14:37:00,195,0.9,16.5,720,80,2024-09-06,52,25.3846153846154,800,1.125,"smpl",0.22,"STX",3.33333333333333,3333.33333333333,2024-07-16 17:52:00,2024-07-16 18:32:00,40
"78","Rnd02","STX_0.22","CPS","15","47",4750,"2024-jul-16","1437","1752","1832","NA","1","",38,7,0.7,"2024-sep-06","15.6","","720","80","400","400","200",4750,1752,1437,2024-07-16,"14","37","2024-07-16 14:37","17","52","2024-07-16 17:52",2024-07-16 17:52:00,2024-07-16 14:37:00,195,0.7,15.6,720,80,2024-09-06,52,24.3589743589744,800,0.875,"smpl",0.22,"STX",3.28421052631579,3284.21052631579,2024-07-16 17:52:00,2024-07-16 18:32:00,40
"79","Rnd02","STX_0.22","CPS","16","48",4800,"2024-jul-16","1437","1752","1832","NA","1","",38,8,0.9,"2024-sep-06","15","","720","80","400","400","200",4800,1752,1437,2024-07-16,"14","37","2024-07-16 14:37","17","52","2024-07-16 17:52",2024-07-16 17:52:00,2024-07-16 14:37:00,195,0.9,15,720,80,2024-09-06,52,24.6153846153846,800,1.125,"smpl",0.22,"STX",3.125,3125,2024-07-16 17:52:00,2024-07-16 18:32:00,40
"80","Rnd03","STX_0.45","CPS","1","81",5050,"2024-jul-17","1318","1635","1651","NA","1","",38,9,0.5,"2024-sep-06","13","","720","80","400","400","200",5050,1635,1318,2024-07-17,"13","18","2024-07-17 13:18","16","35","2024-07-17 16:35",2024-07-17 16:35:00,2024-07-17 13:18:00,197,0.5,13,720,80,2024-09-06,51,25.6345177664975,800,0.625,"smpl",0.45,"STX",2.57425742574257,2574.25742574257,2024-07-17 16:35:00,2024-07-17 16:51:00,16
"81","Rnd03","STX_0.45","CPS","2","82",5050,"2024-jul-17","1318","1635","1651","NA","1","",38,10,0.3,"2024-sep-06","6.55","","720","80","400","400","200",5050,1635,1318,2024-07-17,"13","18","2024-07-17 13:18","16","35","2024-07-17 16:35",2024-07-17 16:35:00,2024-07-17 13:18:00,197,0.3,6.55,720,80,2024-09-06,51,25.6345177664975,800,0.375,"smpl",0.45,"STX",1.2970297029703,1297.0297029703,2024-07-17 16:35:00,2024-07-17 16:51:00,16
"82","Rnd03","STX_0.45","CPS","3","83",4950,"2024-jul-17","1318","1635","1651","NA","1","",38,11,0.7,"2024-sep-06","14.2","","720","80","400","400","200",4950,1635,1318,2024-07-17,"13","18","2024-07-17 13:18","16","35","2024-07-17 16:35",2024-07-17 16:35:00,2024-07-17 13:18:00,197,0.7,14.2,720,80,2024-09-06,51,25.1269035532995,800,0.875,"smpl",0.45,"STX",2.86868686868687,2868.68686868687,2024-07-17 16:35:00,2024-07-17 16:51:00,16
"83","Rnd03","STX_0.45","CPS","4","84",5000,"2024-jul-17","1318","1635","1651","NA","1","",38,12,0.6,"2024-sep-06","14","","720","80","400","400","200",5000,1635,1318,2024-07-17,"13","18","2024-07-17 13:18","16","35","2024-07-17 16:35",2024-07-17 16:35:00,2024-07-17 13:18:00,197,0.6,14,720,80,2024-09-06,51,25.3807106598985,800,0.75,"smpl",0.45,"STX",2.8,2800,2024-07-17 16:35:00,2024-07-17 16:51:00,16
"84","Rnd03","STX_0.45","CPS","5","85",4900,"2024-jul-17","1318","1635","1651","NA","1","",38,13,0.4,"2024-sep-06","9.85","","720","80","400","400","200",4900,1635,1318,2024-07-17,"13","18","2024-07-17 13:18","16","35","2024-07-17 16:35",2024-07-17 16:35:00,2024-07-17 13:18:00,197,0.4,9.85,720,80,2024-09-06,51,24.8730964467005,800,0.5,"smpl",0.45,"STX",2.01020408163265,2010.20408163265,2024-07-17 16:35:00,2024-07-17 16:51:00,16
"85","Rnd03","STX_0.45","CPS","6","86",5000,"2024-jul-17","1318","1635","1651","NA","1","",38,14,0.3,"2024-sep-06","6.65","","720","80","400","400","200",5000,1635,1318,2024-07-17,"13","18","2024-07-17 13:18","16","35","2024-07-17 16:35",2024-07-17 16:35:00,2024-07-17 13:18:00,197,0.3,6.65,720,80,2024-09-06,51,25.3807106598985,800,0.375,"smpl",0.45,"STX",1.33,1330,2024-07-17 16:35:00,2024-07-17 16:51:00,16
"86","Rnd03","STX_0.45","CPS","7","87",4850,"2024-jul-17","1318","1635","1651","NA","1","",38,15,0.8,"2024-sep-06","16.4","","720","80","800","800","200",4850,1635,1318,2024-07-17,"13","18","2024-07-17 13:18","16","35","2024-07-17 16:35",2024-07-17 16:35:00,2024-07-17 13:18:00,197,0.8,16.4,720,80,2024-09-06,51,24.6192893401015,800,1,"smpl",0.45,"STX",3.38144329896907,3381.44329896907,2024-07-17 16:35:00,2024-07-17 16:51:00,16
"87","Rnd03","STX_0.45","CPS","8","88",5050,"2024-jul-17","1318","1635","1651","NA","1","",38,16,0.8,"2024-sep-06","14.8","","720","80","400","400","200",5050,1635,1318,2024-07-17,"13","18","2024-07-17 13:18","16","35","2024-07-17 16:35",2024-07-17 16:35:00,2024-07-17 13:18:00,197,0.8,14.8,720,80,2024-09-06,51,25.6345177664975,800,1,"smpl",0.45,"STX",2.93069306930693,2930.69306930693,2024-07-17 16:35:00,2024-07-17 16:51:00,16
"88","Rnd05","PLC_0.22NK","DIS","1","165",5000,"2024-jul-30","1305","1948","2047","1","2","",38,17,1,"2024-sep-06","4.59","","1440","160","800","800","200",5000,1948,1305,2024-07-30,"13","05","2024-07-30 13:05","19","48","2024-07-30 19:48",2024-07-30 19:48:00,2024-07-30 13:05:00,403,1,4.59,1440,160,2024-09-06,38,12.4069478908189,1600,0.625,"NK",0.22,"PLC",0.918,918,2024-07-30 19:48:00,2024-07-30 20:47:00,59
"89","Rnd05","PLC_0.22NK","DIS","2","166",5050,"2024-jul-30","1305","2013","2047","1","2","",38,18,1.5,"2024-sep-06","6.4","","1440","160","800","800","200",5050,2013,1305,2024-07-30,"13","05","2024-07-30 13:05","20","13","2024-07-30 20:13",2024-07-30 20:13:00,2024-07-30 13:05:00,428,1.5,6.4,1440,160,2024-09-06,38,11.7990654205607,1600,0.9375,"NK",0.22,"PLC",1.26732673267327,1267.32673267327,2024-07-30 20:13:00,2024-07-30 20:47:00,34
"90","Rnd05","PLC_0.22NK","DIS","3","167",5250,"2024-jul-30","1305","2030","2047","2","2","",38,19,1.5,"2024-sep-06","7.25","","1440","160","800","800","200",5250,2030,1305,2024-07-30,"13","05","2024-07-30 13:05","20","30","2024-07-30 20:30",2024-07-30 20:30:00,2024-07-30 13:05:00,445,1.5,7.25,1440,160,2024-09-06,38,11.7977528089888,1600,0.9375,"NK",0.22,"PLC",1.38095238095238,1380.95238095238,2024-07-30 20:30:00,2024-07-30 20:47:00,17
"91","NA","NoFilter_NK","NEK","NA","NEK03",NA,"NA","NA","NA","NA","NA","NA","Negative extraction control in lab",38,20,0.2,"2024-sep-06","0","","180","20","200","200","200",NA,NA,NA,NA,NA,NA,"NA NA:NA",NA,NA,"NA NA:NA",NA,NA,NA,0.2,0,180,20,2024-09-06,NA,NA,200,1,"NK",0,"NoFilter",NA,NA,NA,NA,NA
"92","Rnd02","PLC_1.20","DIS","1","65",3400,"2024-jul-17","1215","1408","1415","1","3","",39,1,1.5,"2024-oct-23","5.95","","1440","160","800","800","200",3400,1408,1215,2024-07-17,"12","15","2024-07-17 12:15","14","08","2024-07-17 14:08",2024-07-17 14:08:00,2024-07-17 12:15:00,113,1.5,5.95,1440,160,2024-10-23,98,30.0884955752212,1600,0.9375,"smpl",1.2,"PLC",1.75,1750,2024-07-17 14:08:00,2024-07-17 14:15:00,7
"93","Rnd03","PLC_0.40","DIS","1","105",4900,"2024-jul-18","1115","1549","1611","1","3","",39,2,1.4,"2024-oct-23","17.6","","1440","160","800","800","200",4900,1549,1115,2024-07-18,"11","15","2024-07-18 11:15","15","49","2024-07-18 15:49",2024-07-18 15:49:00,2024-07-18 11:15:00,274,1.4,17.6,1440,160,2024-10-23,97,17.8832116788321,1600,0.875,"smpl",0.4,"PLC",3.59183673469388,3591.83673469388,2024-07-18 15:49:00,2024-07-18 16:11:00,22
"94","Rnd03","PLC_0.40","DIS","2","106",5000,"2024-jul-18","1115","1549","1611","1","3","",39,3,1.3,"2024-oct-23","13.6","","1440","160","800","800","200",5000,1549,1115,2024-07-18,"11","15","2024-07-18 11:15","15","49","2024-07-18 15:49",2024-07-18 15:49:00,2024-07-18 11:15:00,274,1.3,13.6,1440,160,2024-10-23,97,18.2481751824818,1600,0.8125,"smpl",0.4,"PLC",2.72,2720,2024-07-18 15:49:00,2024-07-18 16:11:00,22
"95","Rnd03","PLC_0.40","DIS","3","107",5000,"2024-jul-18","1115","1600","1611","2","3","",39,4,1.4,"2024-oct-23","21.6","","1440","160","800","800","200",5000,1600,1115,2024-07-18,"11","15","2024-07-18 11:15","16","00","2024-07-18 16:00",2024-07-18 16:00:00,2024-07-18 11:15:00,285,1.4,21.6,1440,160,2024-10-23,97,17.5438596491228,1600,0.875,"smpl",0.4,"PLC",4.32,4320,2024-07-18 16:00:00,2024-07-18 16:11:00,11
"96","Rnd03","PLC_0.40","DIS","4","108",5000,"2024-jul-18","1115","1600","1611","2","3","",39,5,1.4,"2024-oct-23","13.2","","1440","160","800","800","200",5000,1600,1115,2024-07-18,"11","15","2024-07-18 11:15","16","00","2024-07-18 16:00",2024-07-18 16:00:00,2024-07-18 11:15:00,285,1.4,13.2,1440,160,2024-10-23,97,17.5438596491228,1600,0.875,"smpl",0.4,"PLC",2.64,2640,2024-07-18 16:00:00,2024-07-18 16:11:00,11
"97","Rnd03","PLC_0.40","DIS","5","109",3700,"2024-jul-18","1115","1612","1631","3","3","",39,6,1.4,"2024-oct-23","11.8","","1440","160","800","800","200",3700,1612,1115,2024-07-18,"11","15","2024-07-18 11:15","16","12","2024-07-18 16:12",2024-07-18 16:12:00,2024-07-18 11:15:00,297,1.4,11.8,1440,160,2024-10-23,97,12.4579124579125,1600,0.875,"smpl",0.4,"PLC",3.18918918918919,3189.18918918919,2024-07-18 16:12:00,2024-07-18 16:31:00,19
"98","Rnd03","PLC_0.40","DIS","6","110",4450,"2024-jul-18","1115","1612","1631","3","3","",39,7,1.4,"2024-oct-23","16.4","","1440","160","800","800","200",4450,1612,1115,2024-07-18,"11","15","2024-07-18 11:15","16","12","2024-07-18 16:12",2024-07-18 16:12:00,2024-07-18 11:15:00,297,1.4,16.4,1440,160,2024-10-23,97,14.983164983165,1600,0.875,"smpl",0.4,"PLC",3.68539325842697,3685.39325842697,2024-07-18 16:12:00,2024-07-18 16:31:00,19
"99","Rnd03","PLC_0.40","DIS","7","111",4700,"2024-jul-18","1115","1623","1631","4","3","",39,8,1.4,"2024-oct-23","19.9","","1440","160","800","800","200",4700,1623,1115,2024-07-18,"11","15","2024-07-18 11:15","16","23","2024-07-18 16:23",2024-07-18 16:23:00,2024-07-18 11:15:00,308,1.4,19.9,1440,160,2024-10-23,97,15.2597402597403,1600,0.875,"smpl",0.4,"PLC",4.23404255319149,4234.04255319149,2024-07-18 16:23:00,2024-07-18 16:31:00,8
"100","Rnd03","PLC_0.40","DIS","8","112",5100,"2024-jul-18","1115","1623","1631","4","3","",39,9,1.5,"2024-oct-23","15.6","","1440","160","800","800","200",5100,1623,1115,2024-07-18,"11","15","2024-07-18 11:15","16","23","2024-07-18 16:23",2024-07-18 16:23:00,2024-07-18 11:15:00,308,1.5,15.6,1440,160,2024-10-23,97,16.5584415584416,1600,0.9375,"smpl",0.4,"PLC",3.05882352941176,3058.82352941176,2024-07-18 16:23:00,2024-07-18 16:31:00,8
"101","Rnd03","PLC_0.40","DIS","9","113",4500,"2024-jul-18","1115","1651","1659","5","3","",39,10,1.5,"2024-oct-23","15.8","","1440","160","800","800","200",4500,1651,1115,2024-07-18,"11","15","2024-07-18 11:15","16","51","2024-07-18 16:51",2024-07-18 16:51:00,2024-07-18 11:15:00,336,1.5,15.8,1440,160,2024-10-23,97,13.3928571428571,1600,0.9375,"smpl",0.4,"PLC",3.51111111111111,3511.11111111111,2024-07-18 16:51:00,2024-07-18 16:59:00,8
"102","Rnd03","PLC_0.40","DIS","10","114",3900,"2024-jul-18","1115","1651","1659","5","3","",39,11,1.5,"2024-oct-23","19","","1440","160","800","800","200",3900,1651,1115,2024-07-18,"11","15","2024-07-18 11:15","16","51","2024-07-18 16:51",2024-07-18 16:51:00,2024-07-18 11:15:00,336,1.5,19,1440,160,2024-10-23,97,11.6071428571429,1600,0.9375,"smpl",0.4,"PLC",4.87179487179487,4871.79487179487,2024-07-18 16:51:00,2024-07-18 16:59:00,8
"103","Rnd03","PLC_0.40","DIS","11","115",4350,"2024-jul-18","1115","1702","1711","6","3","",39,12,1.2,"2024-oct-23","16","","1440","160","800","800","200",4350,1702,1115,2024-07-18,"11","15","2024-07-18 11:15","17","02","2024-07-18 17:02",2024-07-18 17:02:00,2024-07-18 11:15:00,347,1.2,16,1440,160,2024-10-23,97,12.536023054755,1600,0.75,"smpl",0.4,"PLC",3.67816091954023,3678.16091954023,2024-07-18 17:02:00,2024-07-18 17:11:00,9
"104","Rnd03","PLC_0.40","DIS","12","116",4700,"2024-jul-18","1115","1702","1711","6","3","",39,13,1.5,"2024-oct-23","19.1","","1440","160","800","800","200",4700,1702,1115,2024-07-18,"11","15","2024-07-18 11:15","17","02","2024-07-18 17:02",2024-07-18 17:02:00,2024-07-18 11:15:00,347,1.5,19.1,1440,160,2024-10-23,97,13.5446685878963,1600,0.9375,"smpl",0.4,"PLC",4.06382978723404,4063.82978723404,2024-07-18 17:02:00,2024-07-18 17:11:00,9
"105","Rnd03","PLC_0.40","DIS","13","117",5600,"2024-jul-18","1115","1721","1735","7","3","",39,14,1.4,"2024-oct-23","14","","1440","160","800","800","200",5600,1721,1115,2024-07-18,"11","15","2024-07-18 11:15","17","21","2024-07-18 17:21",2024-07-18 17:21:00,2024-07-18 11:15:00,366,1.4,14,1440,160,2024-10-23,97,15.3005464480874,1600,0.875,"smpl",0.4,"PLC",2.5,2500,2024-07-18 17:21:00,2024-07-18 17:35:00,14
"106","Rnd03","PLC_0.40","DIS","14","118",5250,"2024-jul-18","1115","1721","1735","7","3","",39,15,1.6,"2024-oct-23","3.22","Filter extraction in 50 mL falcon tube had leaked over night, as the lid, was not tight. I had to add 1.6 mL ATL buffer again, a nd then vortex, and extract the redisolved filter bits, which resulted in a low concentration in the extraction.","1440","160","800","800","200",5250,1721,1115,2024-07-18,"11","15","2024-07-18 11:15","17","21","2024-07-18 17:21",2024-07-18 17:21:00,2024-07-18 11:15:00,366,1.6,3.22,1440,160,2024-10-23,97,14.344262295082,1600,1,"smpl",0.4,"PLC",0.613333333333333,613.333333333333,2024-07-18 17:21:00,2024-07-18 17:35:00,14
"107","Rnd03","PLC_0.40","DIS","15","119",5250,"2024-jul-18","1115","1721","1735","8","3","",39,16,1.4,"2024-oct-23","19","","1440","160","800","800","200",5250,1721,1115,2024-07-18,"11","15","2024-07-18 11:15","17","21","2024-07-18 17:21",2024-07-18 17:21:00,2024-07-18 11:15:00,366,1.4,19,1440,160,2024-10-23,97,14.344262295082,1600,0.875,"smpl",0.4,"PLC",3.61904761904762,3619.04761904762,2024-07-18 17:21:00,2024-07-18 17:35:00,14
"108","Rnd03","PLC_0.40","DIS","16","120",5000,"2024-jul-18","1115","1721","1735","8","3","",39,17,1.4,"2024-oct-23","19.5","","1440","160","800","800","200",5000,1721,1115,2024-07-18,"11","15","2024-07-18 11:15","17","21","2024-07-18 17:21",2024-07-18 17:21:00,2024-07-18 11:15:00,366,1.4,19.5,1440,160,2024-10-23,97,13.6612021857923,1600,0.875,"smpl",0.4,"PLC",3.9,3900,2024-07-18 17:21:00,2024-07-18 17:35:00,14
"109","Rnd05","PLC_0.80NK","DIS","1","173",5000,"2024-jul-30","1305","1819","1857","5","2","",39,18,1.4,"2024-oct-23","2.8","","1440","160","800","800","200",5000,1819,1305,2024-07-30,"13","05","2024-07-30 13:05","18","19","2024-07-30 18:19",2024-07-30 18:19:00,2024-07-30 13:05:00,314,1.4,2.8,1440,160,2024-10-23,85,15.9235668789809,1600,0.875,"NK",0.8,"PLC",0.56,560,2024-07-30 18:19:00,2024-07-30 18:57:00,38
"110","Rnd05","PLC_0.80NK","DIS","2","174",4000,"2024-jul-30","1305","1846","1857","5","2","",39,19,1.3,"2024-oct-23","3.07","","1440","160","800","800","200",4000,1846,1305,2024-07-30,"13","05","2024-07-30 13:05","18","46","2024-07-30 18:46",2024-07-30 18:46:00,2024-07-30 13:05:00,341,1.3,3.07,1440,160,2024-10-23,85,11.7302052785924,1600,0.8125,"NK",0.8,"PLC",0.7675,767.5,2024-07-30 18:46:00,2024-07-30 18:57:00,11
"111","Rnd05","PLC_0.80NK","DIS","3","175",5000,"2024-jul-30","1305","2000","2047","6","2","",39,20,1.3,"2024-oct-23","2.9","","1440","160","800","800","200",5000,2000,1305,2024-07-30,"13","05","2024-07-30 13:05","20","00","2024-07-30 20:00",2024-07-30 20:00:00,2024-07-30 13:05:00,415,1.3,2.9,1440,160,2024-10-23,85,12.0481927710843,1600,0.8125,"NK",0.8,"PLC",0.58,580,2024-07-30 20:00:00,2024-07-30 20:47:00,47
"112","Rnd05","PLC_0.80NK","DIS","4","176",5000,"2024-jul-30","1305","2025","2047","6","2","",39,21,1.3,"2024-oct-23","3.4","","1440","160","800","800","200",5000,2025,1305,2024-07-30,"13","05","2024-07-30 13:05","20","25","2024-07-30 20:25",2024-07-30 20:25:00,2024-07-30 13:05:00,440,1.3,3.4,1440,160,2024-10-23,85,11.3636363636364,1600,0.8125,"NK",0.8,"PLC",0.68,680,2024-07-30 20:25:00,2024-07-30 20:47:00,22
"113","Rnd05","PLC_0.40NK","DIS","1","189",5000,"2024-jul-30","1521","2139","2148","3","3","",39,22,1.4,"2024-oct-23","4.52","","1440","160","800","800","200",5000,2139,1521,2024-07-30,"15","21","2024-07-30 15:21","21","39","2024-07-30 21:39",2024-07-30 21:39:00,2024-07-30 15:21:00,378,1.4,4.52,1440,160,2024-10-23,85,13.2275132275132,1600,0.875,"NK",0.4,"PLC",0.904,904,2024-07-30 21:39:00,2024-07-30 21:48:00,9
"114","Rnd05","PLC_0.40NK","DIS","2","190",5000,"2024-jul-30","1521","2142","2148","3","3","",39,23,1.4,"2024-oct-23","4.65","","1440","160","800","800","200",5000,2142,1521,2024-07-30,"15","21","2024-07-30 15:21","21","42","2024-07-30 21:42",2024-07-30 21:42:00,2024-07-30 15:21:00,381,1.4,4.65,1440,160,2024-10-23,85,13.1233595800525,1600,0.875,"NK",0.4,"PLC",0.93,930,2024-07-30 21:42:00,2024-07-30 21:48:00,6
"115","NA","NoFilter_NK","NEK","NA","NEK04",NA,"NA","NA","NA","NA","NA","NA","Negative extraction control in lab",39,24,0.2,"2024-oct-23","0","","180","20","200","200","200",NA,NA,NA,NA,NA,NA,"NA NA:NA",NA,NA,"NA NA:NA",NA,NA,NA,0.2,0,180,20,2024-10-23,NA,NA,200,1,"NK",0,"NoFilter",NA,NA,NA,NA,NA
"116","Rnd02","PLC_1.20","DIS","3","67",4000,"2024-jul-17","1215","1447","1454","2","3","",40,1,1.5,"2024-oct-29","11.6","","1440","160","800","800","200",4000,1447,1215,2024-07-17,"12","15","2024-07-17 12:15","14","47","2024-07-17 14:47",2024-07-17 14:47:00,2024-07-17 12:15:00,152,1.5,11.6,1440,160,2024-10-29,104,26.3157894736842,1600,0.9375,"smpl",1.2,"PLC",2.9,2900,2024-07-17 14:47:00,2024-07-17 14:54:00,7
"117","Rnd02","PLC_1.20","DIS","4","68",2200,"2024-jul-17","1215","1447","1454","2","3","",40,2,1.5,"2024-oct-29","5.9","","1440","160","800","800","200",2200,1447,1215,2024-07-17,"12","15","2024-07-17 12:15","14","47","2024-07-17 14:47",2024-07-17 14:47:00,2024-07-17 12:15:00,152,1.5,5.9,1440,160,2024-10-29,104,14.4736842105263,1600,0.9375,"smpl",1.2,"PLC",2.68181818181818,2681.81818181818,2024-07-17 14:47:00,2024-07-17 14:54:00,7
"118","Rnd02","PLC_1.20","DIS","5","69",5000,"2024-jul-17","1215","1504","1512","3","3","",40,3,1.5,"2024-oct-29","12.8","","1440","160","800","800","200",5000,1504,1215,2024-07-17,"12","15","2024-07-17 12:15","15","04","2024-07-17 15:04",2024-07-17 15:04:00,2024-07-17 12:15:00,169,1.5,12.8,1440,160,2024-10-29,104,29.585798816568,1600,0.9375,"smpl",1.2,"PLC",2.56,2560,2024-07-17 15:04:00,2024-07-17 15:12:00,8
"119","Rnd02","PLC_1.20","DIS","6","70",3400,"2024-jul-17","1215","1504","1512","3","3","",40,4,1.5,"2024-oct-29","8.65","","1440","160","800","800","200",3400,1504,1215,2024-07-17,"12","15","2024-07-17 12:15","15","04","2024-07-17 15:04",2024-07-17 15:04:00,2024-07-17 12:15:00,169,1.5,8.65,1440,160,2024-10-29,104,20.1183431952663,1600,0.9375,"smpl",1.2,"PLC",2.54411764705882,2544.11764705882,2024-07-17 15:04:00,2024-07-17 15:12:00,8
"120","Rnd02","PLC_1.20","DIS","7","71",5100,"2024-jul-17","1215","1510","1521","4","3","",40,5,1.4,"2024-oct-29","3.2","","1440","160","800","800","200",5100,1510,1215,2024-07-17,"12","15","2024-07-17 12:15","15","10","2024-07-17 15:10",2024-07-17 15:10:00,2024-07-17 12:15:00,175,1.4,3.2,1440,160,2024-10-29,104,29.1428571428571,1600,0.875,"smpl",1.2,"PLC",0.627450980392157,627.450980392157,2024-07-17 15:10:00,2024-07-17 15:21:00,11
"121","Rnd02","PLC_1.20","DIS","8","72",1550,"2024-jul-17","1215","1510","1521","4","3","",40,6,1.5,"2024-oct-29","13.6","","1440","160","800","800","200",1550,1510,1215,2024-07-17,"12","15","2024-07-17 12:15","15","10","2024-07-17 15:10",2024-07-17 15:10:00,2024-07-17 12:15:00,175,1.5,13.6,1440,160,2024-10-29,104,8.85714285714286,1600,0.9375,"smpl",1.2,"PLC",8.7741935483871,8774.1935483871,2024-07-17 15:10:00,2024-07-17 15:21:00,11
"122","Rnd02","PLC_1.20","DIS","9","73",3600,"2024-jul-17","1215","1552","1600","5","3","",40,7,1.4,"2024-oct-29","10.2","","1440","160","800","800","200",3600,1552,1215,2024-07-17,"12","15","2024-07-17 12:15","15","52","2024-07-17 15:52",2024-07-17 15:52:00,2024-07-17 12:15:00,217,1.4,10.2,1440,160,2024-10-29,104,16.5898617511521,1600,0.875,"smpl",1.2,"PLC",2.83333333333333,2833.33333333333,2024-07-17 15:52:00,2024-07-17 16:00:00,8
"123","Rnd02","PLC_1.20","DIS","10","74",4600,"2024-jul-17","1215","1552","1600","5","3","",40,8,1.5,"2024-oct-29","13.2","","1440","160","800","800","200",4600,1552,1215,2024-07-17,"12","15","2024-07-17 12:15","15","52","2024-07-17 15:52",2024-07-17 15:52:00,2024-07-17 12:15:00,217,1.5,13.2,1440,160,2024-10-29,104,21.1981566820277,1600,0.9375,"smpl",1.2,"PLC",2.8695652173913,2869.5652173913,2024-07-17 15:52:00,2024-07-17 16:00:00,8
"124","Rnd02","PLC_1.20","DIS","11","75",1400,"2024-jul-17","1215","1616","1626","6","3","",40,9,1.4,"2024-oct-29","15.1","","1440","160","800","800","200",1400,1616,1215,2024-07-17,"12","15","2024-07-17 12:15","16","16","2024-07-17 16:16",2024-07-17 16:16:00,2024-07-17 12:15:00,241,1.4,15.1,1440,160,2024-10-29,104,5.80912863070539,1600,0.875,"smpl",1.2,"PLC",10.7857142857143,10785.7142857143,2024-07-17 16:16:00,2024-07-17 16:26:00,10
"125","Rnd02","PLC_1.20","DIS","12","76",6800,"2024-jul-17","1215","1616","1626","6","3","",40,10,1.4,"2024-oct-29","2.9","","1440","160","800","800","200",6800,1616,1215,2024-07-17,"12","15","2024-07-17 12:15","16","16","2024-07-17 16:16",2024-07-17 16:16:00,2024-07-17 12:15:00,241,1.4,2.9,1440,160,2024-10-29,104,28.2157676348548,1600,0.875,"smpl",1.2,"PLC",0.426470588235294,426.470588235294,2024-07-17 16:16:00,2024-07-17 16:26:00,10
"126","Rnd02","PLC_1.20","DIS","13","77",5650,"2024-jul-17","1215","1702","1750","7","3","",40,11,1.5,"2024-oct-29","9.65","","1440","160","800","800","200",5650,1702,1215,2024-07-17,"12","15","2024-07-17 12:15","17","02","2024-07-17 17:02",2024-07-17 17:02:00,2024-07-17 12:15:00,287,1.5,9.65,1440,160,2024-10-29,104,19.6864111498258,1600,0.9375,"smpl",1.2,"PLC",1.70796460176991,1707.96460176991,2024-07-17 17:02:00,2024-07-17 17:50:00,48
"127","Rnd02","PLC_1.20","DIS","14","78",3950,"2024-jul-17","1215","1702","1750","7","3","",40,12,1.4,"2024-oct-29","8.85","","1440","160","800","800","200",3950,1702,1215,2024-07-17,"12","15","2024-07-17 12:15","17","02","2024-07-17 17:02",2024-07-17 17:02:00,2024-07-17 12:15:00,287,1.4,8.85,1440,160,2024-10-29,104,13.7630662020906,1600,0.875,"smpl",1.2,"PLC",2.24050632911392,2240.50632911392,2024-07-17 17:02:00,2024-07-17 17:50:00,48
"128","Rnd02","PLC_1.20","DIS","15","79",4350,"2024-jul-17","1215","1713","1750","8","3","",40,13,1.5,"2024-oct-29","9.35","","1440","160","800","800","200",4350,1713,1215,2024-07-17,"12","15","2024-07-17 12:15","17","13","2024-07-17 17:13",2024-07-17 17:13:00,2024-07-17 12:15:00,298,1.5,9.35,1440,160,2024-10-29,104,14.5973154362416,1600,0.9375,"smpl",1.2,"PLC",2.14942528735632,2149.42528735632,2024-07-17 17:13:00,2024-07-17 17:50:00,37
"129","Rnd02","PLC_1.20","DIS","16","80",5450,"2024-jul-17","1215","1713","1750","8","3","",40,14,1.5,"2024-oct-29","11.4","","1440","160","800","800","200",5450,1713,1215,2024-07-17,"12","15","2024-07-17 12:15","17","13","2024-07-17 17:13",2024-07-17 17:13:00,2024-07-17 12:15:00,298,1.5,11.4,1440,160,2024-10-29,104,18.2885906040268,1600,0.9375,"smpl",1.2,"PLC",2.09174311926605,2091.74311926606,2024-07-17 17:13:00,2024-07-17 17:50:00,37
"130","Rnd03","NYL_0.45","DIS","1","89",5000,"2024-jul-18","1031","1238","1250","1","2","",40,15,1.1,"2024-oct-29","23","","1440","160","400","400","200",5000,1238,1031,2024-07-18,"10","31","2024-07-18 10:31","12","38","2024-07-18 12:38",2024-07-18 12:38:00,2024-07-18 10:31:00,127,1.1,23,1440,160,2024-10-29,103,39.3700787401575,1600,0.6875,"smpl",0.45,"NYL",4.6,4600,2024-07-18 12:38:00,2024-07-18 12:50:00,12
"131","Rnd03","NYL_0.45","DIS","8","96",4300,"2024-jul-18","1031","1428","1442","4","2","",40,16,1.3,"2024-oct-29","20.2","","1440","160","800","800","200",4300,1428,1031,2024-07-18,"10","31","2024-07-18 10:31","14","28","2024-07-18 14:28",2024-07-18 14:28:00,2024-07-18 10:31:00,237,1.3,20.2,1440,160,2024-10-29,103,18.1434599156118,1600,0.8125,"smpl",0.45,"NYL",4.69767441860465,4697.67441860465,2024-07-18 14:28:00,2024-07-18 14:42:00,14
"132","Rnd03","NYL_0.45","DIS","9","97",4100,"2024-jul-18","1031","1541","1551","5","2","",40,17,1.2,"2024-oct-29","27.5","","1440","160","800","800","200",4100,1541,1031,2024-07-18,"10","31","2024-07-18 10:31","15","41","2024-07-18 15:41",2024-07-18 15:41:00,2024-07-18 10:31:00,310,1.2,27.5,1440,160,2024-10-29,103,13.2258064516129,1600,0.75,"smpl",0.45,"NYL",6.70731707317073,6707.31707317073,2024-07-18 15:41:00,2024-07-18 15:51:00,10
"133","Rnd05","PLC_0.40NK","DIS","3","191",5450,"2024-jul-30","1552","2038","2148","4","3","",40,18,1.4,"2024-oct-29","5.95","","1440","160","800","800","200",5450,2038,1552,2024-07-30,"15","52","2024-07-30 15:52","20","38","2024-07-30 20:38",2024-07-30 20:38:00,2024-07-30 15:52:00,286,1.4,5.95,1440,160,2024-10-29,91,19.0559440559441,1600,0.875,"NK",0.4,"PLC",1.09174311926605,1091.74311926605,2024-07-30 20:38:00,2024-07-30 21:48:00,70
"134","Rnd05","PLC_0.40NK","DIS","4","192",5000,"2024-jul-30","1552","2135","2148","4","3","",40,19,1.4,"2024-oct-29","6.25","","1440","160","800","800","200",5000,2135,1552,2024-07-30,"15","52","2024-07-30 15:52","21","35","2024-07-30 21:35",2024-07-30 21:35:00,2024-07-30 15:52:00,343,1.4,6.25,1440,160,2024-10-29,91,14.5772594752187,1600,0.875,"NK",0.4,"PLC",1.25,1250,2024-07-30 21:35:00,2024-07-30 21:48:00,13
"135","Rnd05","PSE_0.45NK","DIS","1","193",4700,"2024-jul-30","1615","1730","1758","5","3","",40,20,1.2,"2024-oct-29","6.85","","1440","160","800","800","200",4700,1730,1615,2024-07-30,"16","15","2024-07-30 16:15","17","30","2024-07-30 17:30",2024-07-30 17:30:00,2024-07-30 16:15:00,75,1.2,6.85,1440,160,2024-10-29,91,62.6666666666667,1600,0.75,"NK",0.45,"PSE",1.45744680851064,1457.44680851064,2024-07-30 17:30:00,2024-07-30 17:58:00,28
"136","Rnd05","PSE_0.45NK","DIS","2","194",4750,"2024-jul-30","1615","1730","1758","5","3","",40,21,1.3,"2024-oct-29","7.4","","1440","160","800","800","200",4750,1730,1615,2024-07-30,"16","15","2024-07-30 16:15","17","30","2024-07-30 17:30",2024-07-30 17:30:00,2024-07-30 16:15:00,75,1.3,7.4,1440,160,2024-10-29,91,63.3333333333333,1600,0.8125,"NK",0.45,"PSE",1.55789473684211,1557.89473684211,2024-07-30 17:30:00,2024-07-30 17:58:00,28
"137","Rnd05","PSE_0.45NK","DIS","3","195",5550,"2024-jul-30","1657","2022","2112","6","3","",40,22,1.3,"2024-oct-29","7.55","","1440","160","800","800","200",5550,2022,1657,2024-07-30,"16","57","2024-07-30 16:57","20","22","2024-07-30 20:22",2024-07-30 20:22:00,2024-07-30 16:57:00,205,1.3,7.55,1440,160,2024-10-29,91,27.0731707317073,1600,0.8125,"NK",0.45,"PSE",1.36036036036036,1360.36036036036,2024-07-30 20:22:00,2024-07-30 21:12:00,50
"138","Rnd05","PSE_0.45NK","DIS","4","196",4700,"2024-jul-30","1657","2103","2112","6","3","",40,23,1.2,"2024-oct-29","6.65","","1440","160","800","800","200",4700,2103,1657,2024-07-30,"16","57","2024-07-30 16:57","21","03","2024-07-30 21:03",2024-07-30 21:03:00,2024-07-30 16:57:00,246,1.2,6.65,1440,160,2024-10-29,91,19.1056910569106,1600,0.75,"NK",0.45,"PSE",1.41489361702128,1414.89361702128,2024-07-30 21:03:00,2024-07-30 21:12:00,9
"139","NA","NoFilter_NK","NEK","NA","NEK05",NA,"NA","NA","NA","NA","NA","NA","Negative extraction control in lab",40,24,0.2,"2024-oct-29","0.0935","","180","20","200","200","200",NA,NA,NA,NA,NA,NA,"NA NA:NA",NA,NA,"NA NA:NA",NA,NA,NA,0.2,0.0935,180,20,2024-10-29,NA,NA,200,1,"NK",0,"NoFilter",NA,NA,NA,NA,NA
"140","Rnd01","PLC_0.22","DIS","9","17",3000,"2024-jul-16","1140","1601","1705","5","2","",41,1,1.5,"2024-nov-11","7.3","","1440","160","800","800","200",3000,1601,1140,2024-07-16,"11","40","2024-07-16 11:40","16","01","2024-07-16 16:01",2024-07-16 16:01:00,2024-07-16 11:40:00,261,1.5,7.3,1440,160,2024-11-11,118,11.4942528735632,1600,0.9375,"smpl",0.22,"PLC",2.43333333333333,2433.33333333333,2024-07-16 16:01:00,2024-07-16 17:05:00,64
"141","Rnd01","PLC_0.22","DIS","12","20",3750,"2024-jul-16","1140","1601","1705","6","2","",41,2,1.2,"2024-nov-11","12","","1440","160","800","800","200",3750,1601,1140,2024-07-16,"11","40","2024-07-16 11:40","16","01","2024-07-16 16:01",2024-07-16 16:01:00,2024-07-16 11:40:00,261,1.2,12,1440,160,2024-11-11,118,14.367816091954,1600,0.75,"smpl",0.22,"PLC",3.2,3200,2024-07-16 16:01:00,2024-07-16 17:05:00,64
"142","Rnd01","PLC_0.22","DIS","13","21",3500,"2024-jul-16","1140","1601","1705","7","2","",41,3,1.3,"2024-nov-11","10.6","","1440","160","800","800","200",3500,1601,1140,2024-07-16,"11","40","2024-07-16 11:40","16","01","2024-07-16 16:01",2024-07-16 16:01:00,2024-07-16 11:40:00,261,1.3,10.6,1440,160,2024-11-11,118,13.4099616858238,1600,0.8125,"smpl",0.22,"PLC",3.02857142857143,3028.57142857143,2024-07-16 16:01:00,2024-07-16 17:05:00,64
"143","Rnd01","PLC_0.22","DIS","14","22",3150,"2024-jul-16","1140","1601","1705","7","2","",41,4,1.4,"2024-nov-11","10.8","","1440","160","800","800","200",3150,1601,1140,2024-07-16,"11","40","2024-07-16 11:40","16","01","2024-07-16 16:01",2024-07-16 16:01:00,2024-07-16 11:40:00,261,1.4,10.8,1440,160,2024-11-11,118,12.0689655172414,1600,0.875,"smpl",0.22,"PLC",3.42857142857143,3428.57142857143,2024-07-16 16:01:00,2024-07-16 17:05:00,64
"144","Rnd01","PLC_0.22","DIS","15","23",3150,"2024-jul-16","1140","1601","1705","8","2","",41,5,1.2,"2024-nov-11","11.4","","1440","160","800","800","200",3150,1601,1140,2024-07-16,"11","40","2024-07-16 11:40","16","01","2024-07-16 16:01",2024-07-16 16:01:00,2024-07-16 11:40:00,261,1.2,11.4,1440,160,2024-11-11,118,12.0689655172414,1600,0.75,"smpl",0.22,"PLC",3.61904761904762,3619.04761904762,2024-07-16 16:01:00,2024-07-16 17:05:00,64
"145","Rnd02","PLC_1.20","DIS","2","66",4000,"2024-jul-17","1215","1408","1415","1","3","",41,6,1.2,"2024-nov-11","3.86","","1440","160","800","800","200",4000,1408,1215,2024-07-17,"12","15","2024-07-17 12:15","14","08","2024-07-17 14:08",2024-07-17 14:08:00,2024-07-17 12:15:00,113,1.2,3.86,1440,160,2024-11-11,117,35.3982300884956,1600,0.75,"smpl",1.2,"PLC",0.965,965,2024-07-17 14:08:00,2024-07-17 14:15:00,7
"146","Rnd03","NYL_0.45","DIS","2","90",4250,"2024-jul-18","1031","1238","1250","1","2","",41,7,1,"2024-nov-11","13","","1440","160","800","800","200",4250,1238,1031,2024-07-18,"10","31","2024-07-18 10:31","12","38","2024-07-18 12:38",2024-07-18 12:38:00,2024-07-18 10:31:00,127,1,13,1440,160,2024-11-11,116,33.4645669291339,1600,0.625,"smpl",0.45,"NYL",3.05882352941176,3058.82352941176,2024-07-18 12:38:00,2024-07-18 12:50:00,12
"147","Rnd03","NYL_0.45","DIS","3","91",5000,"2024-jul-18","1031","1332","1339","2","2","",41,8,1,"2024-nov-11","15.8","","1440","160","800","800","200",5000,1332,1031,2024-07-18,"10","31","2024-07-18 10:31","13","32","2024-07-18 13:32",2024-07-18 13:32:00,2024-07-18 10:31:00,181,1,15.8,1440,160,2024-11-11,116,27.6243093922652,1600,0.625,"smpl",0.45,"NYL",3.16,3160,2024-07-18 13:32:00,2024-07-18 13:39:00,7
"148","Rnd03","NYL_0.45","DIS","4","92",4600,"2024-jul-18","1031","1332","1339","2","2","",41,9,1.3,"2024-nov-11","9.7","","1440","160","800","800","200",4600,1332,1031,2024-07-18,"10","31","2024-07-18 10:31","13","32","2024-07-18 13:32",2024-07-18 13:32:00,2024-07-18 10:31:00,181,1.3,9.7,1440,160,2024-11-11,116,25.414364640884,1600,0.8125,"smpl",0.45,"NYL",2.10869565217391,2108.69565217391,2024-07-18 13:32:00,2024-07-18 13:39:00,7
"149","Rnd03","NYL_0.45","DIS","5","93",5000,"2024-jul-18","1031","1409","1417","3","2","",41,10,1.3,"2024-nov-11","12.6","","1440","160","800","800","200",5000,1409,1031,2024-07-18,"10","31","2024-07-18 10:31","14","09","2024-07-18 14:09",2024-07-18 14:09:00,2024-07-18 10:31:00,218,1.3,12.6,1440,160,2024-11-11,116,22.9357798165138,1600,0.8125,"smpl",0.45,"NYL",2.52,2520,2024-07-18 14:09:00,2024-07-18 14:17:00,8
"150","Rnd03","NYL_0.45","DIS","6","94",3450,"2024-jul-18","1031","1409","1417","3","2","",41,11,1.1,"2024-nov-11","12.3","","1440","160","800","800","200",3450,1409,1031,2024-07-18,"10","31","2024-07-18 10:31","14","09","2024-07-18 14:09",2024-07-18 14:09:00,2024-07-18 10:31:00,218,1.1,12.3,1440,160,2024-11-11,116,15.8256880733945,1600,0.6875,"smpl",0.45,"NYL",3.56521739130435,3565.21739130435,2024-07-18 14:09:00,2024-07-18 14:17:00,8
"151","Rnd03","NYL_0.45","DIS","7","95",5000,"2024-jul-18","1031","1428","1442","4","2","",41,12,1.1,"2024-nov-11","16.5","","1440","160","800","800","200",5000,1428,1031,2024-07-18,"10","31","2024-07-18 10:31","14","28","2024-07-18 14:28",2024-07-18 14:28:00,2024-07-18 10:31:00,237,1.1,16.5,1440,160,2024-11-11,116,21.0970464135021,1600,0.6875,"smpl",0.45,"NYL",3.3,3300,2024-07-18 14:28:00,2024-07-18 14:42:00,14
"152","Rnd03","NYL_0.45","DIS","10","98",5050,"2024-jul-18","1031","1541","1551","5","2","",41,13,1.2,"2024-nov-11","16.3","","1440","160","800","800","200",5050,1541,1031,2024-07-18,"10","31","2024-07-18 10:31","15","41","2024-07-18 15:41",2024-07-18 15:41:00,2024-07-18 10:31:00,310,1.2,16.3,1440,160,2024-11-11,116,16.2903225806452,1600,0.75,"smpl",0.45,"NYL",3.22772277227723,3227.72277227723,2024-07-18 15:41:00,2024-07-18 15:51:00,10
"153","Rnd03","NYL_0.45","DIS","11","99",4550,"2024-jul-18","1031","1632","1650","6","2","",41,14,1,"2024-nov-11","14.8","","1440","160","800","800","200",4550,1632,1031,2024-07-18,"10","31","2024-07-18 10:31","16","32","2024-07-18 16:32",2024-07-18 16:32:00,2024-07-18 10:31:00,361,1,14.8,1440,160,2024-11-11,116,12.6038781163435,1600,0.625,"smpl",0.45,"NYL",3.25274725274725,3252.74725274725,2024-07-18 16:32:00,2024-07-18 16:50:00,18
"154","Rnd03","NYL_0.45","DIS","12","100",5000,"2024-jul-18","1031","1632","1650","6","2","",41,15,1.1,"2024-nov-11","16","","1440","160","800","800","200",5000,1632,1031,2024-07-18,"10","31","2024-07-18 10:31","16","32","2024-07-18 16:32",2024-07-18 16:32:00,2024-07-18 10:31:00,361,1.1,16,1440,160,2024-11-11,116,13.8504155124654,1600,0.6875,"smpl",0.45,"NYL",3.2,3200,2024-07-18 16:32:00,2024-07-18 16:50:00,18
"155","Rnd03","NYL_0.45","DIS","13","101",5100,"2024-jul-18","1031","1638","1650","7","2","",41,16,1.1,"2024-nov-11","18.9","","1440","160","800","800","200",5100,1638,1031,2024-07-18,"10","31","2024-07-18 10:31","16","38","2024-07-18 16:38",2024-07-18 16:38:00,2024-07-18 10:31:00,367,1.1,18.9,1440,160,2024-11-11,116,13.8964577656676,1600,0.6875,"smpl",0.45,"NYL",3.70588235294118,3705.88235294118,2024-07-18 16:38:00,2024-07-18 16:50:00,12
"156","Rnd03","NYL_0.45","DIS","14","102",4700,"2024-jul-18","1031","1638","1650","7","2","",41,17,1.1,"2024-nov-11","19.5","","1440","160","800","800","200",4700,1638,1031,2024-07-18,"10","31","2024-07-18 10:31","16","38","2024-07-18 16:38",2024-07-18 16:38:00,2024-07-18 10:31:00,367,1.1,19.5,1440,160,2024-11-11,116,12.8065395095368,1600,0.6875,"smpl",0.45,"NYL",4.14893617021277,4148.93617021277,2024-07-18 16:38:00,2024-07-18 16:50:00,12
"157","Rnd03","NYL_0.45","DIS","15","103",5000,"2024-jul-18","1031","1644","1650","8","2","",41,18,1.2,"2024-nov-11","17.5","","1440","160","800","800","200",5000,1644,1031,2024-07-18,"10","31","2024-07-18 10:31","16","44","2024-07-18 16:44",2024-07-18 16:44:00,2024-07-18 10:31:00,373,1.2,17.5,1440,160,2024-11-11,116,13.4048257372654,1600,0.75,"smpl",0.45,"NYL",3.5,3500,2024-07-18 16:44:00,2024-07-18 16:50:00,6
"158","Rnd03","NYL_0.45","DIS","16","104",4900,"2024-jul-18","1031","1644","1650","8","2","",41,19,1.4,"2024-nov-11","13.9","","1440","160","800","800","200",4900,1644,1031,2024-07-18,"10","31","2024-07-18 10:31","16","44","2024-07-18 16:44",2024-07-18 16:44:00,2024-07-18 10:31:00,373,1.4,13.9,1440,160,2024-11-11,116,13.1367292225201,1600,0.875,"smpl",0.45,"NYL",2.83673469387755,2836.73469387755,2024-07-18 16:44:00,2024-07-18 16:50:00,6
"159","Rnd05","PLC_1.20NK","DIS","1","177",5200,"2024-jul-30","1305","1617","1703","7","2","",41,20,1.5,"2024-nov-11","1.78","","1440","160","800","800","200",5200,1617,1305,2024-07-30,"13","05","2024-07-30 13:05","16","17","2024-07-30 16:17",2024-07-30 16:17:00,2024-07-30 13:05:00,192,1.5,1.78,1440,160,2024-11-11,104,27.0833333333333,1600,0.9375,"NK",1.2,"PLC",0.342307692307692,342.307692307692,2024-07-30 16:17:00,2024-07-30 17:03:00,46
"160","Rnd05","PLC_1.20NK","DIS","2","178",4500,"2024-jul-30","1305","1643","1703","7","2","",41,21,1.5,"2024-nov-11","2.12","","1440","160","800","800","200",4500,1643,1305,2024-07-30,"13","05","2024-07-30 13:05","16","43","2024-07-30 16:43",2024-07-30 16:43:00,2024-07-30 13:05:00,218,1.5,2.12,1440,160,2024-11-11,104,20.6422018348624,1600,0.9375,"NK",1.2,"PLC",0.471111111111111,471.111111111111,2024-07-30 16:43:00,2024-07-30 17:03:00,20
"161","Rnd05","PLC_1.20NK","DIS","3","179",5000,"2024-jul-30","1305","1656","2010","8","2","",41,22,1.4,"2024-nov-11","4.05","","1440","160","800","800","200",5000,1656,1305,2024-07-30,"13","05","2024-07-30 13:05","16","56","2024-07-30 16:56",2024-07-30 16:56:00,2024-07-30 13:05:00,231,1.4,4.05,1440,160,2024-11-11,104,21.6450216450216,1600,0.875,"NK",1.2,"PLC",0.81,810,2024-07-30 16:56:00,2024-07-30 20:10:00,194
"162","Rnd05","PLC_1.20NK","DIS","4","180",5000,"2024-jul-30","1305","1656","2010","8","2","",41,23,1.4,"2024-nov-11","3.06","","1440","160","800","800","200",5000,1656,1305,2024-07-30,"13","05","2024-07-30 13:05","16","56","2024-07-30 16:56",2024-07-30 16:56:00,2024-07-30 13:05:00,231,1.4,3.06,1440,160,2024-11-11,104,21.6450216450216,1600,0.875,"NK",1.2,"PLC",0.612,612,2024-07-30 16:56:00,2024-07-30 20:10:00,194
"163","NA","NoFilter_NK","NEK","NA","NEK06",NA,"NA","NA","NA","NA","NA","NA","Negative extraction control in lab",41,24,0.2,"2024-nov-11","0","","180","20","200","200","200",NA,NA,NA,NA,NA,NA,"NA NA:NA",NA,NA,"NA NA:NA",NA,NA,NA,0.2,0,180,20,2024-11-11,NA,NA,200,1,"NK",0,"NoFilter",NA,NA,NA,NA,NA
"164","Rnd01","PLC_0.22","DIS","4","12",3600,"2024-jul-16","1140","1601","1705","2","2","",42,1,1.5,"2024-nov-12","9.05","","1440","160","800","800","200",3600,1601,1140,2024-07-16,"11","40","2024-07-16 11:40","16","01","2024-07-16 16:01",2024-07-16 16:01:00,2024-07-16 11:40:00,261,1.5,9.05,1440,160,2024-11-12,119,13.7931034482759,1600,0.9375,"smpl",0.22,"PLC",2.51388888888889,2513.88888888889,2024-07-16 16:01:00,2024-07-16 17:05:00,64
"165","Rnd01","PLC_0.22","DIS","5","13",2900,"2024-jul-16","1140","1601","1705","3","2","",42,2,1.5,"2024-nov-12","9.95","","1440","160","800","800","200",2900,1601,1140,2024-07-16,"11","40","2024-07-16 11:40","16","01","2024-07-16 16:01",2024-07-16 16:01:00,2024-07-16 11:40:00,261,1.5,9.95,1440,160,2024-11-12,119,11.1111111111111,1600,0.9375,"smpl",0.22,"PLC",3.43103448275862,3431.03448275862,2024-07-16 16:01:00,2024-07-16 17:05:00,64
"166","Rnd01","PLC_0.22","DIS","7","15",3200,"2024-jul-16","1140","1601","1705","4","2","",42,3,1.4,"2024-nov-12","13.6","","1440","160","800","800","200",3200,1601,1140,2024-07-16,"11","40","2024-07-16 11:40","16","01","2024-07-16 16:01",2024-07-16 16:01:00,2024-07-16 11:40:00,261,1.4,13.6,1440,160,2024-11-12,119,12.2605363984674,1600,0.875,"smpl",0.22,"PLC",4.25,4250,2024-07-16 16:01:00,2024-07-16 17:05:00,64
"167","Rnd01","PLC_0.22","DIS","8","16",3350,"2024-jul-16","1140","1601","1705","4","2","",42,4,1.5,"2024-nov-12","10.3","","1440","160","800","800","200",3350,1601,1140,2024-07-16,"11","40","2024-07-16 11:40","16","01","2024-07-16 16:01",2024-07-16 16:01:00,2024-07-16 11:40:00,261,1.5,10.3,1440,160,2024-11-12,119,12.8352490421456,1600,0.9375,"smpl",0.22,"PLC",3.07462686567164,3074.62686567164,2024-07-16 16:01:00,2024-07-16 17:05:00,64
"168","Rnd01","PLC_0.22","DIS","10","18",4000,"2024-jul-16","1140","1601","1705","5","2","",42,5,1.5,"2024-nov-12","11.8","","1440","160","800","800","200",4000,1601,1140,2024-07-16,"11","40","2024-07-16 11:40","16","01","2024-07-16 16:01",2024-07-16 16:01:00,2024-07-16 11:40:00,261,1.5,11.8,1440,160,2024-11-12,119,15.3256704980843,1600,0.9375,"smpl",0.22,"PLC",2.95,2950,2024-07-16 16:01:00,2024-07-16 17:05:00,64
"169","Rnd01","PLC_0.22","DIS","11","19",4000,"2024-jul-16","1140","1601","1705","6","2","",42,6,1.5,"2024-nov-12","12.1","","1440","160","800","800","200",4000,1601,1140,2024-07-16,"11","40","2024-07-16 11:40","16","01","2024-07-16 16:01",2024-07-16 16:01:00,2024-07-16 11:40:00,261,1.5,12.1,1440,160,2024-11-12,119,15.3256704980843,1600,0.9375,"smpl",0.22,"PLC",3.025,3025,2024-07-16 16:01:00,2024-07-16 17:05:00,64
"170","Rnd01","PLC_0.22","DIS","16","24",3000,"2024-jul-16","1140","1601","1705","8","2","",42,7,1.5,"2024-nov-12","12","","1440","160","800","800","200",3000,1601,1140,2024-07-16,"11","40","2024-07-16 11:40","16","01","2024-07-16 16:01",2024-07-16 16:01:00,2024-07-16 11:40:00,261,1.5,12,1440,160,2024-11-12,119,11.4942528735632,1600,0.9375,"smpl",0.22,"PLC",4,4000,2024-07-16 16:01:00,2024-07-16 17:05:00,64
"171","Rnd04","PLC_3.00","DIS","1","145",4350,"2024-jul-19","1101","1422","1430","1","3","",42,8,1.5,"2024-nov-12","3.28","","1440","160","800","800","200",4350,1422,1101,2024-07-19,"11","01","2024-07-19 11:01","14","22","2024-07-19 14:22",2024-07-19 14:22:00,2024-07-19 11:01:00,201,1.5,3.28,1440,160,2024-11-12,116,21.6417910447761,1600,0.9375,"smpl",3,"PLC",0.754022988505747,754.022988505747,2024-07-19 14:22:00,2024-07-19 14:30:00,8
"172","Rnd04","PLC_3.00","DIS","2","146",5050,"2024-jul-19","1101","1422","1430","1","3","",42,9,1.5,"2024-nov-12","14.8","","1440","160","800","800","200",5050,1422,1101,2024-07-19,"11","01","2024-07-19 11:01","14","22","2024-07-19 14:22",2024-07-19 14:22:00,2024-07-19 11:01:00,201,1.5,14.8,1440,160,2024-11-12,116,25.1243781094527,1600,0.9375,"smpl",3,"PLC",2.93069306930693,2930.69306930693,2024-07-19 14:22:00,2024-07-19 14:30:00,8
"173","Rnd04","PLC_3.00","DIS","3","147",4500,"2024-jul-19","1101","1432","1447","2","3","",42,10,1.5,"2024-nov-12","5.15","","1440","160","800","800","200",4500,1432,1101,2024-07-19,"11","01","2024-07-19 11:01","14","32","2024-07-19 14:32",2024-07-19 14:32:00,2024-07-19 11:01:00,211,1.5,5.15,1440,160,2024-11-12,116,21.3270142180095,1600,0.9375,"smpl",3,"PLC",1.14444444444444,1144.44444444444,2024-07-19 14:32:00,2024-07-19 14:47:00,15
"174","Rnd04","PLC_3.00","DIS","4","148",5000,"2024-jul-19","1101","1432","1447","2","3","",42,11,1.5,"2024-nov-12","8.45","","1440","160","800","800","200",5000,1432,1101,2024-07-19,"11","01","2024-07-19 11:01","14","32","2024-07-19 14:32",2024-07-19 14:32:00,2024-07-19 11:01:00,211,1.5,8.45,1440,160,2024-11-12,116,23.696682464455,1600,0.9375,"smpl",3,"PLC",1.69,1690,2024-07-19 14:32:00,2024-07-19 14:47:00,15
"175","Rnd04","PLC_3.00","DIS","5","149",5000,"2024-jul-19","1101","1440","1447","3","3","",42,12,1.5,"2024-nov-12","7.9","","1440","160","800","800","200",5000,1440,1101,2024-07-19,"11","01","2024-07-19 11:01","14","40","2024-07-19 14:40",2024-07-19 14:40:00,2024-07-19 11:01:00,219,1.5,7.9,1440,160,2024-11-12,116,22.8310502283105,1600,0.9375,"smpl",3,"PLC",1.58,1580,2024-07-19 14:40:00,2024-07-19 14:47:00,7
"176","Rnd04","PLC_3.00","DIS","6","150",4600,"2024-jul-19","1101","1440","1447","3","3","",42,13,1.5,"2024-nov-12","13.4","","1440","160","800","800","200",4600,1440,1101,2024-07-19,"11","01","2024-07-19 11:01","14","40","2024-07-19 14:40",2024-07-19 14:40:00,2024-07-19 11:01:00,219,1.5,13.4,1440,160,2024-11-12,116,21.0045662100457,1600,0.9375,"smpl",3,"PLC",2.91304347826087,2913.04347826087,2024-07-19 14:40:00,2024-07-19 14:47:00,7
"177","Rnd04","PLC_3.00","DIS","7","151",4800,"2024-jul-19","1101","1537","1548","4","3","",42,14,1.5,"2024-nov-12","24.2","","1440","160","800","800","200",4800,1537,1101,2024-07-19,"11","01","2024-07-19 11:01","15","37","2024-07-19 15:37",2024-07-19 15:37:00,2024-07-19 11:01:00,276,1.5,24.2,1440,160,2024-11-12,116,17.3913043478261,1600,0.9375,"smpl",3,"PLC",5.04166666666667,5041.66666666667,2024-07-19 15:37:00,2024-07-19 15:48:00,11
"178","Rnd04","PLC_3.00","DIS","8","152",5050,"2024-jul-19","1101","1537","1548","4","3","",42,15,1.5,"2024-nov-12","23.2","","1440","160","800","800","200",5050,1537,1101,2024-07-19,"11","01","2024-07-19 11:01","15","37","2024-07-19 15:37",2024-07-19 15:37:00,2024-07-19 11:01:00,276,1.5,23.2,1440,160,2024-11-12,116,18.2971014492754,1600,0.9375,"smpl",3,"PLC",4.59405940594059,4594.05940594059,2024-07-19 15:37:00,2024-07-19 15:48:00,11
"179","Rnd04","PLC_3.00","DIS","9","153",4850,"2024-jul-19","1101","1554","1601","5","3","",42,16,1.5,"2024-nov-12","17.8","","1440","160","800","800","200",4850,1554,1101,2024-07-19,"11","01","2024-07-19 11:01","15","54","2024-07-19 15:54",2024-07-19 15:54:00,2024-07-19 11:01:00,293,1.5,17.8,1440,160,2024-11-12,116,16.5529010238908,1600,0.9375,"smpl",3,"PLC",3.67010309278351,3670.10309278351,2024-07-19 15:54:00,2024-07-19 16:01:00,7
"180","Rnd04","PLC_3.00","DIS","10","154",5000,"2024-jul-19","1101","1554","1601","5","3","",42,17,1.5,"2024-nov-12","14.6","","1440","160","800","800","200",5000,1554,1101,2024-07-19,"11","01","2024-07-19 11:01","15","54","2024-07-19 15:54",2024-07-19 15:54:00,2024-07-19 11:01:00,293,1.5,14.6,1440,160,2024-11-12,116,17.0648464163823,1600,0.9375,"smpl",3,"PLC",2.92,2920,2024-07-19 15:54:00,2024-07-19 16:01:00,7
"181","Rnd04","PLC_3.00","DIS","11","155",4050,"2024-jul-19","1101","1614","1639","6","3","",42,18,1.5,"2024-nov-12","16.7","","1440","160","800","800","200",4050,1614,1101,2024-07-19,"11","01","2024-07-19 11:01","16","14","2024-07-19 16:14",2024-07-19 16:14:00,2024-07-19 11:01:00,313,1.5,16.7,1440,160,2024-11-12,116,12.9392971246006,1600,0.9375,"smpl",3,"PLC",4.12345679012346,4123.45679012346,2024-07-19 16:14:00,2024-07-19 16:39:00,25
"182","Rnd04","PLC_3.00","DIS","12","156",5000,"2024-jul-19","1101","1614","1639","6","3","",42,19,1.5,"2024-nov-12","12.2","","1440","160","800","800","200",5000,1614,1101,2024-07-19,"11","01","2024-07-19 11:01","16","14","2024-07-19 16:14",2024-07-19 16:14:00,2024-07-19 11:01:00,313,1.5,12.2,1440,160,2024-11-12,116,15.9744408945687,1600,0.9375,"smpl",3,"PLC",2.44,2440,2024-07-19 16:14:00,2024-07-19 16:39:00,25
"183","Rnd04","PLC_3.00","DIS","13","157",5000,"2024-jul-19","1101","1651","1659","7","3","",42,20,1.5,"2024-nov-12","12.8","","1440","160","800","800","200",5000,1651,1101,2024-07-19,"11","01","2024-07-19 11:01","16","51","2024-07-19 16:51",2024-07-19 16:51:00,2024-07-19 11:01:00,350,1.5,12.8,1440,160,2024-11-12,116,14.2857142857143,1600,0.9375,"smpl",3,"PLC",2.56,2560,2024-07-19 16:51:00,2024-07-19 16:59:00,8
"184","Rnd04","PLC_3.00","DIS","14","158",3700,"2024-jul-19","1101","1651","1659","7","3","",42,21,1.5,"2024-nov-12","7.9","","1440","160","800","800","200",3700,1651,1101,2024-07-19,"11","01","2024-07-19 11:01","16","51","2024-07-19 16:51",2024-07-19 16:51:00,2024-07-19 11:01:00,350,1.5,7.9,1440,160,2024-11-12,116,10.5714285714286,1600,0.9375,"smpl",3,"PLC",2.13513513513514,2135.13513513513,2024-07-19 16:51:00,2024-07-19 16:59:00,8
"185","Rnd04","PLC_3.00","DIS","15","159",4300,"2024-jul-19","1101","1735","1751","8","3","",42,22,1.5,"2024-nov-12","19.3","","1440","160","800","800","200",4300,1735,1101,2024-07-19,"11","01","2024-07-19 11:01","17","35","2024-07-19 17:35",2024-07-19 17:35:00,2024-07-19 11:01:00,394,1.5,19.3,1440,160,2024-11-12,116,10.9137055837563,1600,0.9375,"smpl",3,"PLC",4.48837209302326,4488.37209302326,2024-07-19 17:35:00,2024-07-19 17:51:00,16
"186","Rnd04","PLC_3.00","DIS","16","160",5100,"2024-jul-19","1101","1735","1751","8","3","",42,23,1.5,"2024-nov-12","25.5","","1440","160","800","800","200",5100,1735,1101,2024-07-19,"11","01","2024-07-19 11:01","17","35","2024-07-19 17:35",2024-07-19 17:35:00,2024-07-19 11:01:00,394,1.5,25.5,1440,160,2024-11-12,116,12.9441624365482,1600,0.9375,"smpl",3,"PLC",5,5000,2024-07-19 17:35:00,2024-07-19 17:51:00,16
"187","NA","NoFilter_NK","NEK","NA","NEK07",NA,"NA","NA","NA","NA","NA","NA","Negative extraction control in lab",42,24,0.2,"2024-nov-12","0.0505","","180","20","200","200","200",NA,NA,NA,NA,NA,NA,"NA NA:NA",NA,NA,"NA NA:NA",NA,NA,NA,0.2,0.0505,180,20,2024-11-12,NA,NA,200,1,"NK",0,"NoFilter",NA,NA,NA,NA,NA
"188","Rnd01","PLC_0.22","DIS","1","9",4100,"2024-jul-16","1140","1601","1705","1","2","",43,1,1.4,"2024-nov-14","14.2","","1440","160","800","800","200",4100,1601,1140,2024-07-16,"11","40","2024-07-16 11:40","16","01","2024-07-16 16:01",2024-07-16 16:01:00,2024-07-16 11:40:00,261,1.4,14.2,1440,160,2024-11-14,121,15.7088122605364,1600,0.875,"smpl",0.22,"PLC",3.46341463414634,3463.41463414634,2024-07-16 16:01:00,2024-07-16 17:05:00,64
"189","Rnd01","PLC_0.22","DIS","2","10",4000,"2024-jul-16","1140","1601","1705","1","2","",43,2,1.5,"2024-nov-14","13.2","","1440","160","800","800","200",4000,1601,1140,2024-07-16,"11","40","2024-07-16 11:40","16","01","2024-07-16 16:01",2024-07-16 16:01:00,2024-07-16 11:40:00,261,1.5,13.2,1440,160,2024-11-14,121,15.3256704980843,1600,0.9375,"smpl",0.22,"PLC",3.3,3300,2024-07-16 16:01:00,2024-07-16 17:05:00,64
"190","Rnd01","PLC_0.22","DIS","3","11",3900,"2024-jul-16","1140","1601","1705","2","2","",43,3,1.4,"2024-nov-14","14.3","","1440","160","800","800","200",3900,1601,1140,2024-07-16,"11","40","2024-07-16 11:40","16","01","2024-07-16 16:01",2024-07-16 16:01:00,2024-07-16 11:40:00,261,1.4,14.3,1440,160,2024-11-14,121,14.9425287356322,1600,0.875,"smpl",0.22,"PLC",3.66666666666667,3666.66666666667,2024-07-16 16:01:00,2024-07-16 17:05:00,64
"191","Rnd01","PLC_0.22","DIS","6","14",3600,"2024-jul-16","1140","1601","1705","3","2","",43,4,1.4,"2024-nov-12","15","","1440","160","800","800","200",3600,1601,1140,2024-07-16,"11","40","2024-07-16 11:40","16","01","2024-07-16 16:01",2024-07-16 16:01:00,2024-07-16 11:40:00,261,1.4,15,1440,160,2024-11-12,119,13.7931034482759,1600,0.875,"smpl",0.22,"PLC",4.16666666666667,4166.66666666667,2024-07-16 16:01:00,2024-07-16 17:05:00,64
"192","Rnd01","PSE_0.22","DIS","1","25",4200,"2024-jul-16","1226","1706","1806","1","3","",43,5,1.5,"2024-nov-14","13.4","","1440","160","800","800","200",4200,1706,1226,2024-07-16,"12","26","2024-07-16 12:26","17","06","2024-07-16 17:06",2024-07-16 17:06:00,2024-07-16 12:26:00,280,1.5,13.4,1440,160,2024-11-14,121,15,1600,0.9375,"smpl",0.22,"PSE",3.19047619047619,3190.47619047619,2024-07-16 17:06:00,2024-07-16 18:06:00,60
"193","Rnd01","PSE_0.22","DIS","2","26",4500,"2024-jul-16","1226","1706","1806","1","3","",43,6,1.5,"2024-nov-14","16","","1440","160","800","800","200",4500,1706,1226,2024-07-16,"12","26","2024-07-16 12:26","17","06","2024-07-16 17:06",2024-07-16 17:06:00,2024-07-16 12:26:00,280,1.5,16,1440,160,2024-11-14,121,16.0714285714286,1600,0.9375,"smpl",0.22,"PSE",3.55555555555556,3555.55555555556,2024-07-16 17:06:00,2024-07-16 18:06:00,60
"194","Rnd01","PSE_0.22","DIS","3","27",3800,"2024-jul-16","1226","1706","1806","2","3","",43,7,1.5,"2024-nov-14","13.1","","1440","160","800","800","200",3800,1706,1226,2024-07-16,"12","26","2024-07-16 12:26","17","06","2024-07-16 17:06",2024-07-16 17:06:00,2024-07-16 12:26:00,280,1.5,13.1,1440,160,2024-11-14,121,13.5714285714286,1600,0.9375,"smpl",0.22,"PSE",3.44736842105263,3447.36842105263,2024-07-16 17:06:00,2024-07-16 18:06:00,60
"195","Rnd01","PSE_0.22","DIS","4","28",4600,"2024-jul-16","1226","1706","1806","2","3","",43,8,1.4,"2024-nov-14","14","","1440","160","800","800","200",4600,1706,1226,2024-07-16,"12","26","2024-07-16 12:26","17","06","2024-07-16 17:06",2024-07-16 17:06:00,2024-07-16 12:26:00,280,1.4,14,1440,160,2024-11-14,121,16.4285714285714,1600,0.875,"smpl",0.22,"PSE",3.04347826086957,3043.47826086957,2024-07-16 17:06:00,2024-07-16 18:06:00,60
"196","Rnd01","PSE_0.22","DIS","5","29",3700,"2024-jul-16","1226","1706","1806","3","3","",43,9,1.4,"2024-nov-14","12.8","","1440","160","800","800","200",3700,1706,1226,2024-07-16,"12","26","2024-07-16 12:26","17","06","2024-07-16 17:06",2024-07-16 17:06:00,2024-07-16 12:26:00,280,1.4,12.8,1440,160,2024-11-14,121,13.2142857142857,1600,0.875,"smpl",0.22,"PSE",3.45945945945946,3459.45945945946,2024-07-16 17:06:00,2024-07-16 18:06:00,60
"197","Rnd01","PSE_0.22","DIS","6","30",3400,"2024-jul-16","1226","1706","1806","3","3","",43,10,1.4,"2024-nov-14","14.2","","1440","160","800","800","200",3400,1706,1226,2024-07-16,"12","26","2024-07-16 12:26","17","06","2024-07-16 17:06",2024-07-16 17:06:00,2024-07-16 12:26:00,280,1.4,14.2,1440,160,2024-11-14,121,12.1428571428571,1600,0.875,"smpl",0.22,"PSE",4.17647058823529,4176.47058823529,2024-07-16 17:06:00,2024-07-16 18:06:00,60
"198","Rnd01","PSE_0.22","DIS","7","31",750,"2024-jul-16","1226","1706","1806","4","3","Filterblok ikke samlet korrekt",43,11,0.8,"2024-nov-14","1.6","support filter from filtration ended up being included in the extraction","1440","160","800","800","200",750,1706,1226,2024-07-16,"12","26","2024-07-16 12:26","17","06","2024-07-16 17:06",2024-07-16 17:06:00,2024-07-16 12:26:00,280,0.8,1.6,1440,160,2024-11-14,121,2.67857142857143,1600,0.5,"smpl",0.22,"PSE",2.13333333333333,2133.33333333333,2024-07-16 17:06:00,2024-07-16 18:06:00,60
"199","Rnd01","PSE_0.22","DIS","8","32",2100,"2024-jul-16","1226","1706","1806","4","3","Filterblok ikke samlet korrekt",43,12,1.4,"2024-nov-14","8.35","","1440","160","800","800","200",2100,1706,1226,2024-07-16,"12","26","2024-07-16 12:26","17","06","2024-07-16 17:06",2024-07-16 17:06:00,2024-07-16 12:26:00,280,1.4,8.35,1440,160,2024-11-14,121,7.5,1600,0.875,"smpl",0.22,"PSE",3.97619047619048,3976.19047619048,2024-07-16 17:06:00,2024-07-16 18:06:00,60
"200","Rnd01","PSE_0.22","DIS","9","33",4050,"2024-jul-16","1226","1706","1806","5","3","",43,13,1.4,"2024-nov-14","13.4","","1440","160","800","800","200",4050,1706,1226,2024-07-16,"12","26","2024-07-16 12:26","17","06","2024-07-16 17:06",2024-07-16 17:06:00,2024-07-16 12:26:00,280,1.4,13.4,1440,160,2024-11-14,121,14.4642857142857,1600,0.875,"smpl",0.22,"PSE",3.30864197530864,3308.64197530864,2024-07-16 17:06:00,2024-07-16 18:06:00,60
"201","Rnd01","PSE_0.22","DIS","10","34",3950,"2024-jul-16","1226","1706","1806","5","3","",43,14,1.5,"2024-nov-14","14.6","","1440","160","800","800","200",3950,1706,1226,2024-07-16,"12","26","2024-07-16 12:26","17","06","2024-07-16 17:06",2024-07-16 17:06:00,2024-07-16 12:26:00,280,1.5,14.6,1440,160,2024-11-14,121,14.1071428571429,1600,0.9375,"smpl",0.22,"PSE",3.69620253164557,3696.20253164557,2024-07-16 17:06:00,2024-07-16 18:06:00,60
"202","Rnd01","PSE_0.22","DIS","11","35",4100,"2024-jul-16","1226","1706","1806","6","3","",43,15,1.4,"2024-nov-14","16.8","","1440","160","800","800","200",4100,1706,1226,2024-07-16,"12","26","2024-07-16 12:26","17","06","2024-07-16 17:06",2024-07-16 17:06:00,2024-07-16 12:26:00,280,1.4,16.8,1440,160,2024-11-14,121,14.6428571428571,1600,0.875,"smpl",0.22,"PSE",4.09756097560976,4097.56097560976,2024-07-16 17:06:00,2024-07-16 18:06:00,60
"203","Rnd01","PSE_0.22","DIS","12","36",4100,"2024-jul-16","1226","1706","1806","6","3","",43,16,1.5,"2024-nov-14","13.7","","1440","160","800","800","200",4100,1706,1226,2024-07-16,"12","26","2024-07-16 12:26","17","06","2024-07-16 17:06",2024-07-16 17:06:00,2024-07-16 12:26:00,280,1.5,13.7,1440,160,2024-11-14,121,14.6428571428571,1600,0.9375,"smpl",0.22,"PSE",3.34146341463415,3341.46341463415,2024-07-16 17:06:00,2024-07-16 18:06:00,60
"204","Rnd01","PSE_0.22","DIS","13","37",3500,"2024-jul-16","1226","1706","1806","7","3","",43,17,1.3,"2024-nov-14","11.1","","1440","160","800","800","200",3500,1706,1226,2024-07-16,"12","26","2024-07-16 12:26","17","06","2024-07-16 17:06",2024-07-16 17:06:00,2024-07-16 12:26:00,280,1.3,11.1,1440,160,2024-11-14,121,12.5,1600,0.8125,"smpl",0.22,"PSE",3.17142857142857,3171.42857142857,2024-07-16 17:06:00,2024-07-16 18:06:00,60
"205","Rnd01","PSE_0.22","DIS","14","38",3600,"2024-jul-16","1226","1706","1806","7","3","",43,18,1.1,"2024-nov-14","13.2","","1440","160","800","800","200",3600,1706,1226,2024-07-16,"12","26","2024-07-16 12:26","17","06","2024-07-16 17:06",2024-07-16 17:06:00,2024-07-16 12:26:00,280,1.1,13.2,1440,160,2024-11-14,121,12.8571428571429,1600,0.6875,"smpl",0.22,"PSE",3.66666666666667,3666.66666666667,2024-07-16 17:06:00,2024-07-16 18:06:00,60
"206","Rnd01","PSE_0.22","DIS","15","39",4100,"2024-jul-16","1226","1706","1806","8","3","",43,19,1.4,"2024-nov-14","15.6","","1440","160","800","800","200",4100,1706,1226,2024-07-16,"12","26","2024-07-16 12:26","17","06","2024-07-16 17:06",2024-07-16 17:06:00,2024-07-16 12:26:00,280,1.4,15.6,1440,160,2024-11-14,121,14.6428571428571,1600,0.875,"smpl",0.22,"PSE",3.80487804878049,3804.87804878049,2024-07-16 17:06:00,2024-07-16 18:06:00,60
"207","Rnd01","PSE_0.22","DIS","16","40",3950,"2024-jul-16","1226","1706","1806","8","3","",43,20,1.4,"2024-nov-14","15","","1440","160","800","800","200",3950,1706,1226,2024-07-16,"12","26","2024-07-16 12:26","17","06","2024-07-16 17:06",2024-07-16 17:06:00,2024-07-16 12:26:00,280,1.4,15,1440,160,2024-11-14,121,14.1071428571429,1600,0.875,"smpl",0.22,"PSE",3.79746835443038,3797.46835443038,2024-07-16 17:06:00,2024-07-16 18:06:00,60
"208","NA","NoFilter_NK","NEK","NA","NEK08",NA,"NA","NA","NA","NA","NA","NA","Negative extraction control in lab",43,21,0.2,"2024-nov-14","0","","180","20","200","200","200",NA,NA,NA,NA,NA,NA,"NA NA:NA",NA,NA,"NA NA:NA",NA,NA,NA,0.2,0,180,20,2024-11-14,NA,NA,200,1,"NK",0,"NoFilter",NA,NA,NA,NA,NA
